ISO-10303-21;
HEADER;
/* Generated by software containing ST-Developer
 * from STEP Tools, Inc. (www.steptools.com) 
 */

FILE_DESCRIPTION(
/* description */ (''),
/* implementation_level */ '2;1');

FILE_NAME(
/* name */ 'FrameV1.stp',
/* time_stamp */ '2026-09-22T00:04:28-06:00',
/* author */ ('InventorKid'),
/* organization */ (''),
/* preprocessor_version */ 'ST-DEVELOPER v20.1',
/* originating_system */ 'Autodesk Inventor 2026',
/* authorisation */ '');

FILE_SCHEMA (('AUTOMOTIVE_DESIGN { 1 0 10303 214 3 1 1 }'));
ENDSEC;

DATA;
#10=MECHANICAL_DESIGN_GEOMETRIC_PRESENTATION_REPRESENTATION('',(#13),#2662);
#11=SHAPE_REPRESENTATION_RELATIONSHIP('SRR','None',#2669,#12);
#12=ADVANCED_BREP_SHAPE_REPRESENTATION('',(#14),#2661);
#13=STYLED_ITEM('',(#2678),#14);
#14=MANIFOLD_SOLID_BREP('Solid1',#1210);
#15=TOROIDAL_SURFACE('',#1320,18.5,1.);
#16=TOROIDAL_SURFACE('',#1323,15.,1.);
#17=TOROIDAL_SURFACE('',#1325,5.,1.);
#18=TOROIDAL_SURFACE('',#1327,5.,1.);
#19=TOROIDAL_SURFACE('',#1332,5.,1.);
#20=TOROIDAL_SURFACE('',#1337,5.,1.);
#21=TOROIDAL_SURFACE('',#1338,18.5,1.);
#22=B_SPLINE_SURFACE_WITH_KNOTS('',3,3,((#2245,#2246,#2247,#2248),(#2249,
#2250,#2251,#2252),(#2253,#2254,#2255,#2256),(#2257,#2258,#2259,#2260),
(#2261,#2262,#2263,#2264)),.UNSPECIFIED.,.F.,.F.,.F.,(4,1,4),(4,4),(0.,
0.5,1.),(-0.62401908128321,-0.0848960266971255),.UNSPECIFIED.);
#23=B_SPLINE_SURFACE_WITH_KNOTS('',3,3,((#2289,#2290,#2291,#2292),(#2293,
#2294,#2295,#2296),(#2297,#2298,#2299,#2300),(#2301,#2302,#2303,#2304),
(#2305,#2306,#2307,#2308)),.UNSPECIFIED.,.F.,.F.,.F.,(4,1,4),(4,4),(0.,
0.5,1.),(-0.628295594841365,-0.0891725402552809),.UNSPECIFIED.);
#24=B_SPLINE_SURFACE_WITH_KNOTS('',3,3,((#2338,#2339,#2340,#2341,#2342,
#2343,#2344,#2345,#2346,#2347),(#2348,#2349,#2350,#2351,#2352,#2353,#2354,
#2355,#2356,#2357),(#2358,#2359,#2360,#2361,#2362,#2363,#2364,#2365,#2366,
#2367),(#2368,#2369,#2370,#2371,#2372,#2373,#2374,#2375,#2376,#2377),(#2378,
#2379,#2380,#2381,#2382,#2383,#2384,#2385,#2386,#2387)),.UNSPECIFIED.,.F.,
 .F.,.F.,(4,1,4),(4,1,1,1,1,1,1,4),(0.,0.5,1.),(-4.72461912680235,-4.0643625318588,
-3.40410593691525,-2.7438493419717,-2.08359274702815,-1.4233361520846,-0.763079557141053,
-0.102822962197504),.UNSPECIFIED.);
#25=FACE_BOUND('',#149,.T.);
#26=FACE_BOUND('',#159,.T.);
#27=FACE_BOUND('',#160,.T.);
#28=FACE_BOUND('',#202,.T.);
#29=FACE_BOUND('',#203,.T.);
#30=FACE_BOUND('',#204,.T.);
#31=B_SPLINE_CURVE_WITH_KNOTS('',3,(#1722,#1723,#1724,#1725,#1726,#1727,
#1728,#1729,#1730,#1731),.UNSPECIFIED.,.F.,.F.,(4,2,2,2,4),(0.337479228890153,
0.370517142761223,0.411673317532171,0.460549671427964,0.511568154516591),
 .UNSPECIFIED.);
#32=B_SPLINE_CURVE_WITH_KNOTS('',3,(#1739,#1740,#1741,#1742,#1743,#1744,
#1745,#1746,#1747,#1748,#1749,#1750,#1751,#1752,#1753,#1754,#1755,#1756,
#1757,#1758,#1759,#1760,#1761,#1762,#1763,#1764,#1765,#1766,#1767,#1768,
#1769),.UNSPECIFIED.,.F.,.F.,(4,3,3,3,3,3,3,3,3,3,4),(0.,0.0131688179121665,
0.0265852251535561,0.0389480758355799,0.0523899632320742,0.0583508702493169,
0.0717905631117622,0.078252155723267,0.0916880173636015,0.105065385946262,
0.11689633149809),.UNSPECIFIED.);
#33=B_SPLINE_CURVE_WITH_KNOTS('',3,(#1771,#1772,#1773,#1774,#1775,#1776,
#1777,#1778),.UNSPECIFIED.,.F.,.F.,(4,2,2,4),(0.446470478708049,0.483956659081523,
0.521248577402972,0.55633400226835),.UNSPECIFIED.);
#34=B_SPLINE_CURVE_WITH_KNOTS('',3,(#1782,#1783,#1784,#1785,#1786,#1787,
#1788,#1789),.UNSPECIFIED.,.F.,.F.,(4,2,2,4),(0.337330887928294,0.372376050165089,
0.409886307703826,0.447651564047056),.UNSPECIFIED.);
#35=B_SPLINE_CURVE_WITH_KNOTS('',3,(#1791,#1792,#1793,#1794,#1795,#1796,
#1797,#1798,#1799,#1800,#1801,#1802,#1803,#1804,#1805,#1806,#1807,#1808,
#1809,#1810,#1811,#1812,#1813,#1814,#1815,#1816,#1817,#1818,#1819,#1820,
#1821),.UNSPECIFIED.,.F.,.F.,(4,3,3,3,3,3,3,3,3,3,4),(0.,0.0134590145712966,
0.0270350111166759,0.0405194817584969,0.0540115213590856,0.0591058775539303,
0.0725991386503937,0.0805404388042072,0.0939794957499913,0.10717723896543,
0.117703295623659),.UNSPECIFIED.);
#36=B_SPLINE_CURVE_WITH_KNOTS('',3,(#1825,#1826,#1827,#1828,#1829,#1830,
#1831,#1832,#1833,#1834,#1835,#1836,#1837,#1838,#1839,#1840,#1841,#1842,
#1843,#1844,#1845,#1846,#1847,#1848,#1849,#1850,#1851,#1852,#1853,#1854,
#1855),.UNSPECIFIED.,.F.,.F.,(4,3,3,3,3,3,3,3,3,3,4),(0.,0.013108026028474,
0.0265410426109054,0.0388307311843616,0.0523161160153589,0.0585646883057326,
0.072047566757485,0.0783457753213877,0.0918700385095953,0.10538499687607,
0.11762531055285),.UNSPECIFIED.);
#37=B_SPLINE_CURVE_WITH_KNOTS('',3,(#1857,#1858,#1859,#1860,#1861,#1862,
#1863,#1864),.UNSPECIFIED.,.F.,.F.,(4,2,2,4),(0.149131982843771,0.186897239187,
0.224407496725738,0.259452658962533),.UNSPECIFIED.);
#38=B_SPLINE_CURVE_WITH_KNOTS('',3,(#1868,#1869,#1870,#1871,#1872,#1873,
#1874,#1875),.UNSPECIFIED.,.F.,.F.,(4,2,2,4),(0.0389153885259318,0.0740008133913098,
0.111292731712759,0.148778912086234),.UNSPECIFIED.);
#39=B_SPLINE_CURVE_WITH_KNOTS('',3,(#1877,#1878,#1879,#1880,#1881,#1882,
#1883,#1884,#1885,#1886,#1887,#1888,#1889,#1890,#1891,#1892,#1893,#1894,
#1895,#1896,#1897,#1898,#1899,#1900,#1901,#1902,#1903,#1904,#1905,#1906,
#1907),.UNSPECIFIED.,.F.,.F.,(4,3,3,3,3,3,3,3,3,3,4),(0.,0.0133077154571999,
0.0267836136502922,0.0396742971908839,0.0531190832720675,0.0585666116030567,
0.0720127873085092,0.0792090964958107,0.092613040541758,0.105856677520721,
0.116928770359654),.UNSPECIFIED.);
#40=B_SPLINE_CURVE_WITH_KNOTS('',3,(#1959,#1960,#1961,#1962),
 .UNSPECIFIED.,.F.,.F.,(4,4),(0.101291419861767,0.611900201676725),
 .UNSPECIFIED.);
#41=B_SPLINE_CURVE_WITH_KNOTS('',3,(#2016,#2017,#2018,#2019,#2020,#2021,
#2022,#2023,#2024,#2025),.UNSPECIFIED.,.F.,.F.,(4,2,2,2,4),(0.301207377380471,
0.308052406459652,0.38334918608998,0.458645965720308,0.459165950964107),
 .UNSPECIFIED.);
#42=B_SPLINE_CURVE_WITH_KNOTS('',3,(#2055,#2056,#2057,#2058,#2059,#2060,
#2061,#2062,#2063,#2064),.UNSPECIFIED.,.F.,.F.,(4,2,2,2,4),(1.08422396782457,
1.08474395306837,1.16004073269869,1.23533751232902,1.24218254140835),
 .UNSPECIFIED.);
#43=B_SPLINE_CURVE_WITH_KNOTS('',3,(#2119,#2120,#2121,#2122,#2123,#2124,
#2125,#2126,#2127,#2128),.UNSPECIFIED.,.F.,.F.,(4,2,2,2,4),(0.337479228890153,
0.370517142761223,0.411673317532171,0.460549671427964,0.511568154516591),
 .UNSPECIFIED.);
#44=B_SPLINE_CURVE_WITH_KNOTS('',3,(#2135,#2136,#2137,#2138,#2139,#2140,
#2141,#2142,#2143,#2144),.UNSPECIFIED.,.F.,.F.,(4,2,2,2,4),(0.163390303263715,
0.214408786352342,0.263285140248135,0.304441315019083,0.337479228890153),
 .UNSPECIFIED.);
#45=B_SPLINE_CURVE_WITH_KNOTS('',3,(#2187,#2188,#2189,#2190,#2191,#2192),
 .UNSPECIFIED.,.F.,.F.,(4,2,4),(-0.0719205213773259,-0.0388652745707271,
0.),.UNSPECIFIED.);
#46=B_SPLINE_CURVE_WITH_KNOTS('',3,(#2193,#2194,#2195,#2196,#2197,#2198,
#2199,#2200,#2201,#2202),.UNSPECIFIED.,.F.,.F.,(4,2,2,2,4),(-0.488400187380709,
-0.436180025573016,-0.376954066225076,-0.311179113345549,-0.294616204839364),
 .UNSPECIFIED.);
#47=B_SPLINE_CURVE_WITH_KNOTS('',3,(#2211,#2212,#2213,#2214,#2215,#2216,
#2217,#2218,#2219,#2220),.UNSPECIFIED.,.F.,.F.,(4,2,2,2,4),(-0.808121017206222,
-0.791558108714241,-0.725783155891109,-0.666557196593935,-0.614337034826979),
 .UNSPECIFIED.);
#48=B_SPLINE_CURVE_WITH_KNOTS('',3,(#2222,#2223,#2224,#2225,#2226,#2227,
#2228,#2229,#2230,#2231,#2232,#2233,#2234,#2235,#2236,#2237,#2238,#2239,
#2240,#2241,#2242,#2243),.UNSPECIFIED.,.F.,.F.,(4,3,3,3,3,3,3,4),(-0.117140654313475,
-0.103943418735933,-0.0963675714187792,-0.0828662378989343,-0.075542926889205,
-0.0621717636075948,-0.058407169302474,-0.0452344416319437),
 .UNSPECIFIED.);
#49=B_SPLINE_CURVE_WITH_KNOTS('',3,(#2265,#2266,#2267,#2268,#2269,#2270,
#2271,#2272,#2273,#2274,#2275,#2276,#2277),.UNSPECIFIED.,.F.,.F.,(4,3,3,
3,4),(0.0714938369064642,0.078252155723258,0.0916907333127437,0.105064279800608,
0.116896331498071),.UNSPECIFIED.);
#50=B_SPLINE_CURVE_WITH_KNOTS('',3,(#2279,#2280,#2281,#2282),
 .UNSPECIFIED.,.F.,.F.,(4,4),(-0.62401908128321,-0.0891725402552811),
 .UNSPECIFIED.);
#51=B_SPLINE_CURVE_WITH_KNOTS('',3,(#2283,#2284,#2285,#2286),
 .UNSPECIFIED.,.F.,.F.,(4,4),(-0.0891726423370504,-0.0848960266971255),
 .UNSPECIFIED.);
#52=B_SPLINE_CURVE_WITH_KNOTS('',3,(#2310,#2311,#2312,#2313),
 .UNSPECIFIED.,.F.,.F.,(4,4),(0.101291419861766,0.611900201676725),
 .UNSPECIFIED.);
#53=B_SPLINE_CURVE_WITH_KNOTS('',3,(#2314,#2315,#2316,#2317,#2318,#2319,
#2320,#2321,#2322,#2323,#2324,#2325,#2326),.UNSPECIFIED.,.F.,.F.,(4,3,3,
3,4),(0.,0.0133122816719289,0.0267866601496974,0.0396742971908862,0.0454216576005444),
 .UNSPECIFIED.);
#54=B_SPLINE_CURVE_WITH_KNOTS('',3,(#2328,#2329,#2330,#2331),
 .UNSPECIFIED.,.F.,.F.,(4,4),(-0.628295594841365,-0.62401897920144),
 .UNSPECIFIED.);
#55=B_SPLINE_CURVE_WITH_KNOTS('',3,(#2332,#2333,#2334,#2335),
 .UNSPECIFIED.,.F.,.F.,(4,4),(-0.62401908128321,-0.0891725402552809),
 .UNSPECIFIED.);
#56=B_SPLINE_CURVE_WITH_KNOTS('',3,(#2388,#2389,#2390,#2391,#2392,#2393,
#2394,#2395,#2396,#2397,#2398,#2399,#2400,#2401,#2402,#2403,#2404,#2405,
#2406,#2407,#2408,#2409,#2410,#2411,#2412,#2413,#2414,#2415,#2416,#2417,
#2418,#2419,#2420,#2421,#2422,#2423,#2424,#2425,#2426,#2427,#2428,#2429,
#2430,#2431,#2432,#2433,#2434,#2435,#2436,#2437,#2438,#2439,#2440,#2441,
#2442,#2443,#2444,#2445,#2446,#2447,#2448,#2449,#2450,#2451,#2452,#2453,
#2454,#2455,#2456,#2457,#2458,#2459,#2460,#2461,#2462,#2463,#2464,#2465,
#2466,#2467,#2468,#2469,#2470,#2471,#2472,#2473,#2474,#2475,#2476,#2477,
#2478,#2479,#2480,#2481,#2482,#2483,#2484,#2485,#2486,#2487,#2488,#2489,
#2490,#2491,#2492,#2493,#2494,#2495,#2496,#2497,#2498,#2499,#2500,#2501,
#2502,#2503,#2504,#2505,#2506,#2507,#2508,#2509,#2510,#2511,#2512,#2513,
#2514,#2515,#2516,#2517,#2518,#2519,#2520,#2521,#2522,#2523,#2524,#2525,
#2526,#2527,#2528,#2529,#2530,#2531,#2532,#2533,#2534,#2535,#2536,#2537,
#2538,#2539,#2540,#2541,#2542,#2543,#2544,#2545,#2546,#2547,#2548,#2549,
#2550,#2551,#2552,#2553,#2554,#2555,#2556,#2557,#2558,#2559,#2560,#2561,
#2562,#2563,#2564,#2565,#2566,#2567,#2568,#2569,#2570,#2571,#2572,#2573,
#2574,#2575,#2576,#2577,#2578,#2579,#2580,#2581,#2582,#2583,#2584,#2585,
#2586,#2587,#2588,#2589,#2590,#2591,#2592),.UNSPECIFIED.,.F.,.F.,(4,3,3,
3,3,3,3,3,3,3,3,3,3,3,3,3,3,3,3,3,3,3,3,3,3,3,3,3,3,3,3,3,3,3,3,3,3,3,3,
3,3,3,3,3,3,3,3,3,3,3,3,3,3,3,3,3,3,3,3,3,3,3,3,3,3,3,3,3,4),(0.102822962200839,
0.17892145905098,0.255309956173676,0.331867515722608,0.375672059415167,
0.45194593098588,0.529638013148037,0.606078912281564,0.684396585958036,
0.762714259634508,0.83943807951045,0.885184305686357,0.962712012022044,
1.04074413349869,1.11902125892285,1.19712959934435,1.27486855167208,1.351787698329,
1.39469655195755,1.42354612863798,1.49939198098552,1.57585982782369,1.65278575367748,
1.72997153354518,1.80704119892862,1.88363474312176,1.90420879822874,1.98064047280829,
2.05696876524274,2.08378013044791,2.15944645135324,2.23567808469278,2.31200212938739,
2.38814187516793,2.41372104449993,2.48967056548262,2.56577283450225,2.64171074835617,
2.71711498969582,2.74336486628461,2.81939906037469,2.89561813555367,2.92323329077112,
3.00043398004936,3.07805949866183,3.15953244551575,3.23705723217478,3.3141708312208,
3.39049835469265,3.40395128607752,3.43274553704231,3.50963135188422,3.58715616886374,
3.66513612839753,3.74332612493359,3.82134038129011,3.89872889412608,3.9422577833135,
4.01891794509582,4.06481525080427,4.14031493958458,4.21817871208461,4.29465034365791,
4.3732101866213,4.45177002958469,4.52853521592958,4.605219771541,4.68149348876911,
4.72461912679902),.UNSPECIFIED.);
#57=B_SPLINE_CURVE_WITH_KNOTS('',3,(#2593,#2594,#2595,#2596,#2597,#2598,
#2599,#2600,#2601,#2602),.UNSPECIFIED.,.F.,.F.,(4,1,1,1,1,1,1,4),(-4.70779416086112,
-4.0643625318588,-3.40410593691525,-2.7438493419717,-2.08359274702815,-1.4233361520846,
-0.763079557141053,-0.119647959342982),.UNSPECIFIED.);
#58=B_SPLINE_CURVE_WITH_KNOTS('',3,(#2618,#2619,#2620,#2621,#2622,#2623,
#2624,#2625,#2626,#2627),.UNSPECIFIED.,.F.,.F.,(4,2,2,2,4),(0.163390303263715,
0.214408786352343,0.263285140248136,0.304441315019084,0.337479228890153),
 .UNSPECIFIED.);
#59=PLANE('',#1236);
#60=PLANE('',#1237);
#61=PLANE('',#1255);
#62=PLANE('',#1258);
#63=PLANE('',#1261);
#64=PLANE('',#1266);
#65=PLANE('',#1272);
#66=PLANE('',#1287);
#67=PLANE('',#1299);
#68=PLANE('',#1302);
#69=PLANE('',#1322);
#70=PLANE('',#1340);
#71=PLANE('',#1341);
#72=PLANE('',#1346);
#73=PLANE('',#1350);
#74=PLANE('',#1351);
#75=PLANE('',#1352);
#76=PLANE('',#1353);
#77=PLANE('',#1354);
#78=PLANE('',#1355);
#79=PLANE('',#1356);
#80=PLANE('',#1357);
#81=PLANE('',#1358);
#82=PLANE('',#1359);
#83=PLANE('',#1360);
#84=FACE_OUTER_BOUND('',#146,.T.);
#85=FACE_OUTER_BOUND('',#147,.T.);
#86=FACE_OUTER_BOUND('',#148,.T.);
#87=FACE_OUTER_BOUND('',#150,.T.);
#88=FACE_OUTER_BOUND('',#151,.T.);
#89=FACE_OUTER_BOUND('',#152,.T.);
#90=FACE_OUTER_BOUND('',#153,.T.);
#91=FACE_OUTER_BOUND('',#154,.T.);
#92=FACE_OUTER_BOUND('',#155,.T.);
#93=FACE_OUTER_BOUND('',#156,.T.);
#94=FACE_OUTER_BOUND('',#157,.T.);
#95=FACE_OUTER_BOUND('',#158,.T.);
#96=FACE_OUTER_BOUND('',#161,.T.);
#97=FACE_OUTER_BOUND('',#162,.T.);
#98=FACE_OUTER_BOUND('',#163,.T.);
#99=FACE_OUTER_BOUND('',#164,.T.);
#100=FACE_OUTER_BOUND('',#165,.T.);
#101=FACE_OUTER_BOUND('',#166,.T.);
#102=FACE_OUTER_BOUND('',#167,.T.);
#103=FACE_OUTER_BOUND('',#168,.T.);
#104=FACE_OUTER_BOUND('',#169,.T.);
#105=FACE_OUTER_BOUND('',#170,.T.);
#106=FACE_OUTER_BOUND('',#171,.T.);
#107=FACE_OUTER_BOUND('',#172,.T.);
#108=FACE_OUTER_BOUND('',#173,.T.);
#109=FACE_OUTER_BOUND('',#174,.T.);
#110=FACE_OUTER_BOUND('',#175,.T.);
#111=FACE_OUTER_BOUND('',#176,.T.);
#112=FACE_OUTER_BOUND('',#177,.T.);
#113=FACE_OUTER_BOUND('',#178,.T.);
#114=FACE_OUTER_BOUND('',#179,.T.);
#115=FACE_OUTER_BOUND('',#180,.T.);
#116=FACE_OUTER_BOUND('',#181,.T.);
#117=FACE_OUTER_BOUND('',#182,.T.);
#118=FACE_OUTER_BOUND('',#183,.T.);
#119=FACE_OUTER_BOUND('',#184,.T.);
#120=FACE_OUTER_BOUND('',#185,.T.);
#121=FACE_OUTER_BOUND('',#186,.T.);
#122=FACE_OUTER_BOUND('',#187,.T.);
#123=FACE_OUTER_BOUND('',#188,.T.);
#124=FACE_OUTER_BOUND('',#189,.T.);
#125=FACE_OUTER_BOUND('',#190,.T.);
#126=FACE_OUTER_BOUND('',#191,.T.);
#127=FACE_OUTER_BOUND('',#192,.T.);
#128=FACE_OUTER_BOUND('',#193,.T.);
#129=FACE_OUTER_BOUND('',#194,.T.);
#130=FACE_OUTER_BOUND('',#195,.T.);
#131=FACE_OUTER_BOUND('',#196,.T.);
#132=FACE_OUTER_BOUND('',#197,.T.);
#133=FACE_OUTER_BOUND('',#198,.T.);
#134=FACE_OUTER_BOUND('',#199,.T.);
#135=FACE_OUTER_BOUND('',#200,.T.);
#136=FACE_OUTER_BOUND('',#201,.T.);
#137=FACE_OUTER_BOUND('',#205,.T.);
#138=FACE_OUTER_BOUND('',#206,.T.);
#139=FACE_OUTER_BOUND('',#207,.T.);
#140=FACE_OUTER_BOUND('',#208,.T.);
#141=FACE_OUTER_BOUND('',#209,.T.);
#142=FACE_OUTER_BOUND('',#210,.T.);
#143=FACE_OUTER_BOUND('',#211,.T.);
#144=FACE_OUTER_BOUND('',#212,.T.);
#145=FACE_OUTER_BOUND('',#213,.T.);
#146=EDGE_LOOP('',(#757,#758,#759,#760));
#147=EDGE_LOOP('',(#761,#762,#763,#764,#765,#766,#767));
#148=EDGE_LOOP('',(#768,#769,#770,#771,#772,#773,#774,#775,#776,#777,#778,
#779,#780,#781,#782,#783,#784,#785,#786,#787));
#149=EDGE_LOOP('',(#788,#789,#790,#791,#792,#793,#794,#795,#796,#797,#798,
#799,#800,#801,#802,#803));
#150=EDGE_LOOP('',(#804,#805,#806,#807));
#151=EDGE_LOOP('',(#808,#809,#810,#811));
#152=EDGE_LOOP('',(#812,#813,#814,#815));
#153=EDGE_LOOP('',(#816,#817,#818,#819,#820,#821,#822));
#154=EDGE_LOOP('',(#823,#824,#825,#826,#827,#828,#829,#830,#831,#832));
#155=EDGE_LOOP('',(#833,#834,#835,#836));
#156=EDGE_LOOP('',(#837,#838,#839,#840,#841,#842,#843));
#157=EDGE_LOOP('',(#844,#845,#846,#847,#848));
#158=EDGE_LOOP('',(#849,#850,#851,#852,#853,#854,#855,#856,#857,#858,#859,
#860,#861,#862));
#159=EDGE_LOOP('',(#863));
#160=EDGE_LOOP('',(#864));
#161=EDGE_LOOP('',(#865,#866,#867,#868,#869));
#162=EDGE_LOOP('',(#870,#871,#872,#873,#874,#875));
#163=EDGE_LOOP('',(#876,#877,#878,#879));
#164=EDGE_LOOP('',(#880,#881,#882,#883,#884,#885,#886,#887,#888,#889,#890));
#165=EDGE_LOOP('',(#891,#892,#893,#894));
#166=EDGE_LOOP('',(#895,#896,#897,#898));
#167=EDGE_LOOP('',(#899,#900,#901,#902));
#168=EDGE_LOOP('',(#903,#904,#905,#906));
#169=EDGE_LOOP('',(#907,#908,#909,#910));
#170=EDGE_LOOP('',(#911,#912,#913,#914,#915,#916,#917,#918,#919,#920,#921,
#922,#923,#924));
#171=EDGE_LOOP('',(#925,#926,#927,#928));
#172=EDGE_LOOP('',(#929,#930,#931,#932,#933,#934,#935,#936,#937,#938,#939));
#173=EDGE_LOOP('',(#940,#941,#942,#943));
#174=EDGE_LOOP('',(#944,#945,#946,#947));
#175=EDGE_LOOP('',(#948,#949,#950,#951));
#176=EDGE_LOOP('',(#952,#953,#954,#955));
#177=EDGE_LOOP('',(#956,#957,#958,#959));
#178=EDGE_LOOP('',(#960,#961,#962,#963,#964,#965,#966));
#179=EDGE_LOOP('',(#967,#968,#969,#970));
#180=EDGE_LOOP('',(#971,#972,#973,#974,#975,#976,#977));
#181=EDGE_LOOP('',(#978,#979,#980,#981,#982,#983));
#182=EDGE_LOOP('',(#984,#985,#986,#987,#988));
#183=EDGE_LOOP('',(#989,#990,#991,#992,#993,#994));
#184=EDGE_LOOP('',(#995,#996,#997,#998));
#185=EDGE_LOOP('',(#999,#1000,#1001,#1002));
#186=EDGE_LOOP('',(#1003,#1004,#1005,#1006));
#187=EDGE_LOOP('',(#1007,#1008,#1009,#1010));
#188=EDGE_LOOP('',(#1011,#1012,#1013,#1014));
#189=EDGE_LOOP('',(#1015,#1016,#1017,#1018,#1019,#1020,#1021,#1022));
#190=EDGE_LOOP('',(#1023,#1024,#1025,#1026));
#191=EDGE_LOOP('',(#1027,#1028,#1029,#1030,#1031,#1032));
#192=EDGE_LOOP('',(#1033,#1034,#1035,#1036));
#193=EDGE_LOOP('',(#1037,#1038,#1039,#1040,#1041));
#194=EDGE_LOOP('',(#1042,#1043,#1044,#1045,#1046,#1047,#1048,#1049));
#195=EDGE_LOOP('',(#1050,#1051,#1052,#1053,#1054,#1055,#1056));
#196=EDGE_LOOP('',(#1057,#1058,#1059,#1060));
#197=EDGE_LOOP('',(#1061,#1062,#1063,#1064));
#198=EDGE_LOOP('',(#1065,#1066,#1067,#1068,#1069,#1070,#1071));
#199=EDGE_LOOP('',(#1072,#1073,#1074,#1075));
#200=EDGE_LOOP('',(#1076));
#201=EDGE_LOOP('',(#1077,#1078));
#202=EDGE_LOOP('',(#1079));
#203=EDGE_LOOP('',(#1080));
#204=EDGE_LOOP('',(#1081));
#205=EDGE_LOOP('',(#1082,#1083));
#206=EDGE_LOOP('',(#1084,#1085));
#207=EDGE_LOOP('',(#1086,#1087,#1088,#1089));
#208=EDGE_LOOP('',(#1090,#1091,#1092,#1093));
#209=EDGE_LOOP('',(#1094,#1095,#1096,#1097,#1098));
#210=EDGE_LOOP('',(#1099,#1100,#1101,#1102,#1103));
#211=EDGE_LOOP('',(#1104,#1105,#1106,#1107,#1108));
#212=EDGE_LOOP('',(#1109,#1110,#1111,#1112,#1113));
#213=EDGE_LOOP('',(#1114,#1115,#1116,#1117,#1118,#1119,#1120));
#214=LINE('',#1710,#299);
#215=LINE('',#1713,#300);
#216=LINE('',#1716,#301);
#217=LINE('',#1718,#302);
#218=LINE('',#1720,#303);
#219=LINE('',#1733,#304);
#220=LINE('',#1734,#305);
#221=LINE('',#1737,#306);
#222=LINE('',#1780,#307);
#223=LINE('',#1823,#308);
#224=LINE('',#1866,#309);
#225=LINE('',#1909,#310);
#226=LINE('',#1913,#311);
#227=LINE('',#1917,#312);
#228=LINE('',#1921,#313);
#229=LINE('',#1929,#314);
#230=LINE('',#1937,#315);
#231=LINE('',#1945,#316);
#232=LINE('',#1953,#317);
#233=LINE('',#1956,#318);
#234=LINE('',#1963,#319);
#235=LINE('',#1966,#320);
#236=LINE('',#1970,#321);
#237=LINE('',#1974,#322);
#238=LINE('',#1976,#323);
#239=LINE('',#1980,#324);
#240=LINE('',#1982,#325);
#241=LINE('',#1986,#326);
#242=LINE('',#1988,#327);
#243=LINE('',#1990,#328);
#244=LINE('',#1994,#329);
#245=LINE('',#1998,#330);
#246=LINE('',#2002,#331);
#247=LINE('',#2004,#332);
#248=LINE('',#2011,#333);
#249=LINE('',#2015,#334);
#250=LINE('',#2028,#335);
#251=LINE('',#2030,#336);
#252=LINE('',#2032,#337);
#253=LINE('',#2033,#338);
#254=LINE('',#2035,#339);
#255=LINE('',#2037,#340);
#256=LINE('',#2039,#341);
#257=LINE('',#2041,#342);
#258=LINE('',#2043,#343);
#259=LINE('',#2068,#344);
#260=LINE('',#2074,#345);
#261=LINE('',#2078,#346);
#262=LINE('',#2084,#347);
#263=LINE('',#2085,#348);
#264=LINE('',#2087,#349);
#265=LINE('',#2089,#350);
#266=LINE('',#2091,#351);
#267=LINE('',#2094,#352);
#268=LINE('',#2096,#353);
#269=LINE('',#2097,#354);
#270=LINE('',#2101,#355);
#271=LINE('',#2107,#356);
#272=LINE('',#2111,#357);
#273=LINE('',#2115,#358);
#274=LINE('',#2117,#359);
#275=LINE('',#2130,#360);
#276=LINE('',#2132,#361);
#277=LINE('',#2134,#362);
#278=LINE('',#2146,#363);
#279=LINE('',#2148,#364);
#280=LINE('',#2149,#365);
#281=LINE('',#2154,#366);
#282=LINE('',#2155,#367);
#283=LINE('',#2157,#368);
#284=LINE('',#2159,#369);
#285=LINE('',#2161,#370);
#286=LINE('',#2162,#371);
#287=LINE('',#2166,#372);
#288=LINE('',#2172,#373);
#289=LINE('',#2176,#374);
#290=LINE('',#2183,#375);
#291=LINE('',#2185,#376);
#292=LINE('',#2206,#377);
#293=LINE('',#2244,#378);
#294=LINE('',#2337,#379);
#295=LINE('',#2632,#380);
#296=LINE('',#2636,#381);
#297=LINE('',#2640,#382);
#298=LINE('',#2646,#383);
#299=VECTOR('',#1367,10.);
#300=VECTOR('',#1370,10.);
#301=VECTOR('',#1373,10.);
#302=VECTOR('',#1374,10.);
#303=VECTOR('',#1375,10.);
#304=VECTOR('',#1376,10.);
#305=VECTOR('',#1377,10.);
#306=VECTOR('',#1380,10.);
#307=VECTOR('',#1381,10.);
#308=VECTOR('',#1382,10.);
#309=VECTOR('',#1383,10.);
#310=VECTOR('',#1384,10.);
#311=VECTOR('',#1387,10.);
#312=VECTOR('',#1390,10.);
#313=VECTOR('',#1393,10.);
#314=VECTOR('',#1400,10.);
#315=VECTOR('',#1407,10.);
#316=VECTOR('',#1414,10.);
#317=VECTOR('',#1423,10.);
#318=VECTOR('',#1426,10.);
#319=VECTOR('',#1429,10.);
#320=VECTOR('',#1432,10.);
#321=VECTOR('',#1437,10.);
#322=VECTOR('',#1440,10.);
#323=VECTOR('',#1441,10.);
#324=VECTOR('',#1446,10.);
#325=VECTOR('',#1447,10.);
#326=VECTOR('',#1450,10.);
#327=VECTOR('',#1451,10.);
#328=VECTOR('',#1452,10.);
#329=VECTOR('',#1457,10.);
#330=VECTOR('',#1462,10.);
#331=VECTOR('',#1465,10.);
#332=VECTOR('',#1466,10.);
#333=VECTOR('',#1473,10.);
#334=VECTOR('',#1476,10.);
#335=VECTOR('',#1479,10.);
#336=VECTOR('',#1480,10.);
#337=VECTOR('',#1481,10.);
#338=VECTOR('',#1482,10.);
#339=VECTOR('',#1483,10.);
#340=VECTOR('',#1484,10.);
#341=VECTOR('',#1485,10.);
#342=VECTOR('',#1486,10.);
#343=VECTOR('',#1487,10.);
#344=VECTOR('',#1502,10.);
#345=VECTOR('',#1509,10.);
#346=VECTOR('',#1512,10.);
#347=VECTOR('',#1519,10.);
#348=VECTOR('',#1520,10.);
#349=VECTOR('',#1523,10.);
#350=VECTOR('',#1524,10.);
#351=VECTOR('',#1525,10.);
#352=VECTOR('',#1528,10.);
#353=VECTOR('',#1529,10.);
#354=VECTOR('',#1530,10.);
#355=VECTOR('',#1535,10.);
#356=VECTOR('',#1544,10.);
#357=VECTOR('',#1549,10.);
#358=VECTOR('',#1554,10.);
#359=VECTOR('',#1557,10.);
#360=VECTOR('',#1558,10.);
#361=VECTOR('',#1559,10.);
#362=VECTOR('',#1560,10.);
#363=VECTOR('',#1561,10.);
#364=VECTOR('',#1562,10.);
#365=VECTOR('',#1563,10.);
#366=VECTOR('',#1568,10.);
#367=VECTOR('',#1569,10.);
#368=VECTOR('',#1572,10.);
#369=VECTOR('',#1575,10.);
#370=VECTOR('',#1576,10.);
#371=VECTOR('',#1577,10.);
#372=VECTOR('',#1582,10.);
#373=VECTOR('',#1591,10.);
#374=VECTOR('',#1596,10.);
#375=VECTOR('',#1605,10.);
#376=VECTOR('',#1606,10.);
#377=VECTOR('',#1611,10.);
#378=VECTOR('',#1616,10.);
#379=VECTOR('',#1623,10.);
#380=VECTOR('',#1662,10.);
#381=VECTOR('',#1667,1.6);
#382=VECTOR('',#1672,1.6);
#383=VECTOR('',#1679,2.);
#384=CIRCLE('',#1234,3.);
#385=CIRCLE('',#1235,3.);
#386=CIRCLE('',#1238,3.);
#387=CIRCLE('',#1239,3.);
#388=CIRCLE('',#1240,3.);
#389=CIRCLE('',#1241,3.);
#390=CIRCLE('',#1242,4.);
#391=CIRCLE('',#1243,3.);
#392=CIRCLE('',#1244,3.);
#393=CIRCLE('',#1245,4.);
#394=CIRCLE('',#1246,3.);
#395=CIRCLE('',#1247,3.);
#396=CIRCLE('',#1248,4.);
#397=CIRCLE('',#1249,3.);
#398=CIRCLE('',#1250,3.);
#399=CIRCLE('',#1251,4.);
#400=CIRCLE('',#1252,3.);
#401=CIRCLE('',#1254,3.);
#402=CIRCLE('',#1257,3.);
#403=CIRCLE('',#1259,5.);
#404=CIRCLE('',#1260,5.);
#405=CIRCLE('',#1262,1.);
#406=CIRCLE('',#1263,1.);
#407=CIRCLE('',#1265,3.);
#408=CIRCLE('',#1267,5.);
#409=CIRCLE('',#1268,5.);
#410=CIRCLE('',#1270,3.);
#411=CIRCLE('',#1271,3.);
#412=CIRCLE('',#1273,3.);
#413=CIRCLE('',#1274,17.5);
#414=CIRCLE('',#1275,3.);
#415=CIRCLE('',#1276,1.6);
#416=CIRCLE('',#1277,1.6);
#417=CIRCLE('',#1279,3.);
#418=CIRCLE('',#1280,3.);
#419=CIRCLE('',#1282,4.);
#420=CIRCLE('',#1283,4.);
#421=CIRCLE('',#1284,4.);
#422=CIRCLE('',#1286,3.);
#423=CIRCLE('',#1288,1.);
#424=CIRCLE('',#1290,3.);
#425=CIRCLE('',#1292,4.);
#426=CIRCLE('',#1294,3.);
#427=CIRCLE('',#1296,4.);
#428=CIRCLE('',#1298,3.);
#429=CIRCLE('',#1301,3.);
#430=CIRCLE('',#1303,1.);
#431=CIRCLE('',#1305,3.);
#432=CIRCLE('',#1307,4.);
#433=CIRCLE('',#1309,3.);
#434=CIRCLE('',#1311,3.);
#435=CIRCLE('',#1313,4.);
#436=CIRCLE('',#1315,3.);
#437=CIRCLE('',#1317,17.5);
#438=CIRCLE('',#1319,3.);
#439=CIRCLE('',#1321,18.5);
#440=CIRCLE('',#1324,15.);
#441=CIRCLE('',#1326,4.);
#442=CIRCLE('',#1328,4.);
#443=CIRCLE('',#1330,4.);
#444=CIRCLE('',#1331,4.);
#445=CIRCLE('',#1333,4.);
#446=CIRCLE('',#1335,4.);
#447=CIRCLE('',#1336,4.);
#448=CIRCLE('',#1339,18.5);
#449=CIRCLE('',#1343,1.6);
#450=CIRCLE('',#1345,1.6);
#451=CIRCLE('',#1348,2.);
#452=CIRCLE('',#1349,2.);
#453=VERTEX_POINT('',#1706);
#454=VERTEX_POINT('',#1707);
#455=VERTEX_POINT('',#1709);
#456=VERTEX_POINT('',#1711);
#457=VERTEX_POINT('',#1715);
#458=VERTEX_POINT('',#1717);
#459=VERTEX_POINT('',#1719);
#460=VERTEX_POINT('',#1721);
#461=VERTEX_POINT('',#1732);
#462=VERTEX_POINT('',#1736);
#463=VERTEX_POINT('',#1738);
#464=VERTEX_POINT('',#1770);
#465=VERTEX_POINT('',#1779);
#466=VERTEX_POINT('',#1781);
#467=VERTEX_POINT('',#1790);
#468=VERTEX_POINT('',#1822);
#469=VERTEX_POINT('',#1824);
#470=VERTEX_POINT('',#1856);
#471=VERTEX_POINT('',#1865);
#472=VERTEX_POINT('',#1867);
#473=VERTEX_POINT('',#1876);
#474=VERTEX_POINT('',#1908);
#475=VERTEX_POINT('',#1910);
#476=VERTEX_POINT('',#1912);
#477=VERTEX_POINT('',#1914);
#478=VERTEX_POINT('',#1916);
#479=VERTEX_POINT('',#1919);
#480=VERTEX_POINT('',#1920);
#481=VERTEX_POINT('',#1922);
#482=VERTEX_POINT('',#1924);
#483=VERTEX_POINT('',#1926);
#484=VERTEX_POINT('',#1928);
#485=VERTEX_POINT('',#1930);
#486=VERTEX_POINT('',#1932);
#487=VERTEX_POINT('',#1934);
#488=VERTEX_POINT('',#1936);
#489=VERTEX_POINT('',#1938);
#490=VERTEX_POINT('',#1940);
#491=VERTEX_POINT('',#1942);
#492=VERTEX_POINT('',#1944);
#493=VERTEX_POINT('',#1946);
#494=VERTEX_POINT('',#1948);
#495=VERTEX_POINT('',#1952);
#496=VERTEX_POINT('',#1954);
#497=VERTEX_POINT('',#1958);
#498=VERTEX_POINT('',#1965);
#499=VERTEX_POINT('',#1969);
#500=VERTEX_POINT('',#1971);
#501=VERTEX_POINT('',#1973);
#502=VERTEX_POINT('',#1975);
#503=VERTEX_POINT('',#1979);
#504=VERTEX_POINT('',#1981);
#505=VERTEX_POINT('',#1983);
#506=VERTEX_POINT('',#1985);
#507=VERTEX_POINT('',#1987);
#508=VERTEX_POINT('',#1989);
#509=VERTEX_POINT('',#1993);
#510=VERTEX_POINT('',#1997);
#511=VERTEX_POINT('',#1999);
#512=VERTEX_POINT('',#2001);
#513=VERTEX_POINT('',#2003);
#514=VERTEX_POINT('',#2007);
#515=VERTEX_POINT('',#2008);
#516=VERTEX_POINT('',#2010);
#517=VERTEX_POINT('',#2012);
#518=VERTEX_POINT('',#2014);
#519=VERTEX_POINT('',#2027);
#520=VERTEX_POINT('',#2029);
#521=VERTEX_POINT('',#2031);
#522=VERTEX_POINT('',#2034);
#523=VERTEX_POINT('',#2036);
#524=VERTEX_POINT('',#2038);
#525=VERTEX_POINT('',#2040);
#526=VERTEX_POINT('',#2042);
#527=VERTEX_POINT('',#2044);
#528=VERTEX_POINT('',#2046);
#529=VERTEX_POINT('',#2049);
#530=VERTEX_POINT('',#2051);
#531=VERTEX_POINT('',#2054);
#532=VERTEX_POINT('',#2065);
#533=VERTEX_POINT('',#2067);
#534=VERTEX_POINT('',#2071);
#535=VERTEX_POINT('',#2073);
#536=VERTEX_POINT('',#2075);
#537=VERTEX_POINT('',#2077);
#538=VERTEX_POINT('',#2081);
#539=VERTEX_POINT('',#2082);
#540=VERTEX_POINT('',#2088);
#541=VERTEX_POINT('',#2090);
#542=VERTEX_POINT('',#2093);
#543=VERTEX_POINT('',#2095);
#544=VERTEX_POINT('',#2099);
#545=VERTEX_POINT('',#2105);
#546=VERTEX_POINT('',#2109);
#547=VERTEX_POINT('',#2113);
#548=VERTEX_POINT('',#2118);
#549=VERTEX_POINT('',#2129);
#550=VERTEX_POINT('',#2131);
#551=VERTEX_POINT('',#2133);
#552=VERTEX_POINT('',#2145);
#553=VERTEX_POINT('',#2147);
#554=VERTEX_POINT('',#2151);
#555=VERTEX_POINT('',#2152);
#556=VERTEX_POINT('',#2160);
#557=VERTEX_POINT('',#2164);
#558=VERTEX_POINT('',#2170);
#559=VERTEX_POINT('',#2174);
#560=VERTEX_POINT('',#2180);
#561=VERTEX_POINT('',#2181);
#562=VERTEX_POINT('',#2184);
#563=VERTEX_POINT('',#2186);
#564=VERTEX_POINT('',#2204);
#565=VERTEX_POINT('',#2208);
#566=VERTEX_POINT('',#2210);
#567=VERTEX_POINT('',#2221);
#568=VERTEX_POINT('',#2278);
#569=VERTEX_POINT('',#2309);
#570=VERTEX_POINT('',#2327);
#571=VERTEX_POINT('',#2634);
#572=VERTEX_POINT('',#2638);
#573=VERTEX_POINT('',#2643);
#574=VERTEX_POINT('',#2645);
#575=EDGE_CURVE('',#453,#454,#384,.T.);
#576=EDGE_CURVE('',#454,#455,#214,.T.);
#577=EDGE_CURVE('',#455,#456,#385,.T.);
#578=EDGE_CURVE('',#456,#453,#215,.T.);
#579=EDGE_CURVE('',#457,#454,#216,.T.);
#580=EDGE_CURVE('',#458,#457,#217,.T.);
#581=EDGE_CURVE('',#458,#459,#218,.T.);
#582=EDGE_CURVE('',#460,#459,#31,.T.);
#583=EDGE_CURVE('',#460,#461,#219,.T.);
#584=EDGE_CURVE('',#455,#461,#220,.T.);
#585=EDGE_CURVE('',#453,#462,#221,.T.);
#586=EDGE_CURVE('',#463,#462,#32,.T.);
#587=EDGE_CURVE('',#464,#463,#33,.T.);
#588=EDGE_CURVE('',#464,#465,#222,.T.);
#589=EDGE_CURVE('',#466,#465,#34,.T.);
#590=EDGE_CURVE('',#467,#466,#35,.T.);
#591=EDGE_CURVE('',#467,#468,#223,.T.);
#592=EDGE_CURVE('',#469,#468,#36,.T.);
#593=EDGE_CURVE('',#470,#469,#37,.T.);
#594=EDGE_CURVE('',#470,#471,#224,.T.);
#595=EDGE_CURVE('',#472,#471,#38,.T.);
#596=EDGE_CURVE('',#473,#472,#39,.T.);
#597=EDGE_CURVE('',#473,#474,#225,.T.);
#598=EDGE_CURVE('',#475,#474,#386,.T.);
#599=EDGE_CURVE('',#475,#476,#226,.T.);
#600=EDGE_CURVE('',#477,#476,#387,.T.);
#601=EDGE_CURVE('',#477,#478,#227,.T.);
#602=EDGE_CURVE('',#457,#478,#388,.T.);
#603=EDGE_CURVE('',#479,#480,#228,.T.);
#604=EDGE_CURVE('',#481,#480,#389,.T.);
#605=EDGE_CURVE('',#481,#482,#390,.T.);
#606=EDGE_CURVE('',#483,#482,#391,.T.);
#607=EDGE_CURVE('',#483,#484,#229,.T.);
#608=EDGE_CURVE('',#485,#484,#392,.T.);
#609=EDGE_CURVE('',#485,#486,#393,.T.);
#610=EDGE_CURVE('',#487,#486,#394,.T.);
#611=EDGE_CURVE('',#487,#488,#230,.T.);
#612=EDGE_CURVE('',#489,#488,#395,.T.);
#613=EDGE_CURVE('',#489,#490,#396,.T.);
#614=EDGE_CURVE('',#491,#490,#397,.T.);
#615=EDGE_CURVE('',#491,#492,#231,.T.);
#616=EDGE_CURVE('',#493,#492,#398,.T.);
#617=EDGE_CURVE('',#493,#494,#399,.T.);
#618=EDGE_CURVE('',#479,#494,#400,.T.);
#619=EDGE_CURVE('',#474,#495,#232,.T.);
#620=EDGE_CURVE('',#495,#496,#401,.T.);
#621=EDGE_CURVE('',#496,#475,#233,.T.);
#622=EDGE_CURVE('',#497,#473,#40,.T.);
#623=EDGE_CURVE('',#495,#497,#234,.T.);
#624=EDGE_CURVE('',#478,#498,#235,.T.);
#625=EDGE_CURVE('',#498,#458,#402,.T.);
#626=EDGE_CURVE('',#499,#498,#236,.T.);
#627=EDGE_CURVE('',#500,#499,#403,.T.);
#628=EDGE_CURVE('',#501,#500,#237,.T.);
#629=EDGE_CURVE('',#502,#501,#238,.T.);
#630=EDGE_CURVE('',#459,#502,#404,.T.);
#631=EDGE_CURVE('',#503,#477,#239,.T.);
#632=EDGE_CURVE('',#503,#504,#240,.T.);
#633=EDGE_CURVE('',#505,#504,#405,.T.);
#634=EDGE_CURVE('',#505,#506,#241,.T.);
#635=EDGE_CURVE('',#507,#506,#242,.T.);
#636=EDGE_CURVE('',#508,#507,#243,.T.);
#637=EDGE_CURVE('',#499,#508,#406,.T.);
#638=EDGE_CURVE('',#476,#509,#244,.T.);
#639=EDGE_CURVE('',#509,#503,#407,.T.);
#640=EDGE_CURVE('',#510,#509,#245,.T.);
#641=EDGE_CURVE('',#511,#510,#408,.T.);
#642=EDGE_CURVE('',#512,#511,#246,.T.);
#643=EDGE_CURVE('',#513,#512,#247,.T.);
#644=EDGE_CURVE('',#504,#513,#409,.T.);
#645=EDGE_CURVE('',#514,#515,#410,.T.);
#646=EDGE_CURVE('',#515,#516,#248,.T.);
#647=EDGE_CURVE('',#516,#517,#411,.T.);
#648=EDGE_CURVE('',#517,#518,#249,.T.);
#649=EDGE_CURVE('',#518,#514,#41,.T.);
#650=EDGE_CURVE('',#517,#519,#250,.T.);
#651=EDGE_CURVE('',#519,#520,#251,.T.);
#652=EDGE_CURVE('',#521,#520,#252,.T.);
#653=EDGE_CURVE('',#480,#521,#253,.T.);
#654=EDGE_CURVE('',#522,#479,#254,.T.);
#655=EDGE_CURVE('',#523,#522,#255,.T.);
#656=EDGE_CURVE('',#524,#523,#256,.T.);
#657=EDGE_CURVE('',#524,#525,#257,.T.);
#658=EDGE_CURVE('',#526,#525,#258,.T.);
#659=EDGE_CURVE('',#527,#526,#412,.T.);
#660=EDGE_CURVE('',#527,#528,#413,.T.);
#661=EDGE_CURVE('',#518,#528,#414,.T.);
#662=EDGE_CURVE('',#529,#529,#415,.T.);
#663=EDGE_CURVE('',#530,#530,#416,.T.);
#664=EDGE_CURVE('',#526,#531,#42,.F.);
#665=EDGE_CURVE('',#525,#532,#417,.T.);
#666=EDGE_CURVE('',#532,#533,#259,.T.);
#667=EDGE_CURVE('',#531,#533,#418,.F.);
#668=EDGE_CURVE('',#532,#534,#419,.T.);
#669=EDGE_CURVE('',#534,#535,#260,.T.);
#670=EDGE_CURVE('',#536,#535,#420,.T.);
#671=EDGE_CURVE('',#536,#537,#261,.T.);
#672=EDGE_CURVE('',#533,#537,#421,.T.);
#673=EDGE_CURVE('',#538,#539,#422,.T.);
#674=EDGE_CURVE('',#539,#483,#262,.T.);
#675=EDGE_CURVE('',#482,#538,#263,.T.);
#676=EDGE_CURVE('',#520,#539,#264,.T.);
#677=EDGE_CURVE('',#519,#540,#265,.T.);
#678=EDGE_CURVE('',#541,#540,#266,.T.);
#679=EDGE_CURVE('',#541,#502,#423,.F.);
#680=EDGE_CURVE('',#501,#542,#267,.T.);
#681=EDGE_CURVE('',#543,#542,#268,.T.);
#682=EDGE_CURVE('',#484,#543,#269,.T.);
#683=EDGE_CURVE('',#521,#544,#424,.T.);
#684=EDGE_CURVE('',#544,#481,#270,.T.);
#685=EDGE_CURVE('',#544,#538,#425,.T.);
#686=EDGE_CURVE('',#543,#545,#426,.T.);
#687=EDGE_CURVE('',#545,#485,#271,.T.);
#688=EDGE_CURVE('',#545,#546,#427,.T.);
#689=EDGE_CURVE('',#486,#546,#272,.T.);
#690=EDGE_CURVE('',#546,#547,#428,.T.);
#691=EDGE_CURVE('',#547,#487,#273,.T.);
#692=EDGE_CURVE('',#542,#547,#274,.T.);
#693=EDGE_CURVE('',#548,#500,#43,.T.);
#694=EDGE_CURVE('',#549,#548,#275,.T.);
#695=EDGE_CURVE('',#549,#550,#276,.T.);
#696=EDGE_CURVE('',#551,#550,#277,.T.);
#697=EDGE_CURVE('',#551,#513,#44,.F.);
#698=EDGE_CURVE('',#512,#552,#278,.T.);
#699=EDGE_CURVE('',#553,#552,#279,.T.);
#700=EDGE_CURVE('',#488,#553,#280,.T.);
#701=EDGE_CURVE('',#554,#555,#429,.T.);
#702=EDGE_CURVE('',#555,#491,#281,.T.);
#703=EDGE_CURVE('',#490,#554,#282,.T.);
#704=EDGE_CURVE('',#552,#555,#283,.T.);
#705=EDGE_CURVE('',#535,#511,#430,.T.);
#706=EDGE_CURVE('',#534,#524,#284,.T.);
#707=EDGE_CURVE('',#556,#523,#285,.T.);
#708=EDGE_CURVE('',#492,#556,#286,.T.);
#709=EDGE_CURVE('',#553,#557,#431,.T.);
#710=EDGE_CURVE('',#557,#489,#287,.T.);
#711=EDGE_CURVE('',#557,#554,#432,.T.);
#712=EDGE_CURVE('',#558,#522,#433,.T.);
#713=EDGE_CURVE('',#494,#558,#288,.T.);
#714=EDGE_CURVE('',#556,#559,#434,.T.);
#715=EDGE_CURVE('',#559,#493,#289,.T.);
#716=EDGE_CURVE('',#559,#558,#435,.T.);
#717=EDGE_CURVE('',#560,#561,#436,.T.);
#718=EDGE_CURVE('',#561,#527,#290,.T.);
#719=EDGE_CURVE('',#531,#562,#291,.T.);
#720=EDGE_CURVE('',#562,#563,#45,.T.);
#721=EDGE_CURVE('',#560,#563,#46,.F.);
#722=EDGE_CURVE('',#561,#564,#437,.T.);
#723=EDGE_CURVE('',#528,#564,#292,.T.);
#724=EDGE_CURVE('',#565,#564,#438,.F.);
#725=EDGE_CURVE('',#565,#566,#47,.T.);
#726=EDGE_CURVE('',#567,#566,#48,.F.);
#727=EDGE_CURVE('',#567,#514,#293,.T.);
#728=EDGE_CURVE('',#562,#497,#49,.T.);
#729=EDGE_CURVE('',#472,#568,#50,.T.);
#730=EDGE_CURVE('',#563,#568,#51,.F.);
#731=EDGE_CURVE('',#471,#560,#439,.T.);
#732=EDGE_CURVE('',#462,#569,#52,.T.);
#733=EDGE_CURVE('',#569,#567,#53,.T.);
#734=EDGE_CURVE('',#566,#570,#54,.T.);
#735=EDGE_CURVE('',#570,#463,#55,.T.);
#736=EDGE_CURVE('',#569,#456,#294,.T.);
#737=EDGE_CURVE('',#468,#467,#56,.T.);
#738=EDGE_CURVE('',#466,#469,#57,.T.);
#739=EDGE_CURVE('',#465,#470,#440,.T.);
#740=EDGE_CURVE('',#508,#548,#441,.T.);
#741=EDGE_CURVE('',#551,#505,#442,.T.);
#742=EDGE_CURVE('',#506,#507,#443,.T.);
#743=EDGE_CURVE('',#550,#549,#444,.T.);
#744=EDGE_CURVE('',#541,#460,#445,.T.);
#745=EDGE_CURVE('',#461,#515,#446,.T.);
#746=EDGE_CURVE('',#540,#516,#447,.T.);
#747=EDGE_CURVE('',#510,#536,#58,.T.);
#748=EDGE_CURVE('',#565,#464,#448,.T.);
#749=EDGE_CURVE('',#537,#496,#295,.T.);
#750=EDGE_CURVE('',#571,#571,#449,.T.);
#751=EDGE_CURVE('',#571,#529,#296,.T.);
#752=EDGE_CURVE('',#572,#572,#450,.T.);
#753=EDGE_CURVE('',#572,#530,#297,.T.);
#754=EDGE_CURVE('',#573,#573,#451,.T.);
#755=EDGE_CURVE('',#573,#574,#298,.T.);
#756=EDGE_CURVE('',#574,#574,#452,.T.);
#757=ORIENTED_EDGE('',*,*,#575,.T.);
#758=ORIENTED_EDGE('',*,*,#576,.T.);
#759=ORIENTED_EDGE('',*,*,#577,.T.);
#760=ORIENTED_EDGE('',*,*,#578,.T.);
#761=ORIENTED_EDGE('',*,*,#576,.F.);
#762=ORIENTED_EDGE('',*,*,#579,.F.);
#763=ORIENTED_EDGE('',*,*,#580,.F.);
#764=ORIENTED_EDGE('',*,*,#581,.T.);
#765=ORIENTED_EDGE('',*,*,#582,.F.);
#766=ORIENTED_EDGE('',*,*,#583,.T.);
#767=ORIENTED_EDGE('',*,*,#584,.F.);
#768=ORIENTED_EDGE('',*,*,#575,.F.);
#769=ORIENTED_EDGE('',*,*,#585,.T.);
#770=ORIENTED_EDGE('',*,*,#586,.F.);
#771=ORIENTED_EDGE('',*,*,#587,.F.);
#772=ORIENTED_EDGE('',*,*,#588,.T.);
#773=ORIENTED_EDGE('',*,*,#589,.F.);
#774=ORIENTED_EDGE('',*,*,#590,.F.);
#775=ORIENTED_EDGE('',*,*,#591,.T.);
#776=ORIENTED_EDGE('',*,*,#592,.F.);
#777=ORIENTED_EDGE('',*,*,#593,.F.);
#778=ORIENTED_EDGE('',*,*,#594,.T.);
#779=ORIENTED_EDGE('',*,*,#595,.F.);
#780=ORIENTED_EDGE('',*,*,#596,.F.);
#781=ORIENTED_EDGE('',*,*,#597,.T.);
#782=ORIENTED_EDGE('',*,*,#598,.F.);
#783=ORIENTED_EDGE('',*,*,#599,.T.);
#784=ORIENTED_EDGE('',*,*,#600,.F.);
#785=ORIENTED_EDGE('',*,*,#601,.T.);
#786=ORIENTED_EDGE('',*,*,#602,.F.);
#787=ORIENTED_EDGE('',*,*,#579,.T.);
#788=ORIENTED_EDGE('',*,*,#603,.T.);
#789=ORIENTED_EDGE('',*,*,#604,.F.);
#790=ORIENTED_EDGE('',*,*,#605,.T.);
#791=ORIENTED_EDGE('',*,*,#606,.F.);
#792=ORIENTED_EDGE('',*,*,#607,.T.);
#793=ORIENTED_EDGE('',*,*,#608,.F.);
#794=ORIENTED_EDGE('',*,*,#609,.T.);
#795=ORIENTED_EDGE('',*,*,#610,.F.);
#796=ORIENTED_EDGE('',*,*,#611,.T.);
#797=ORIENTED_EDGE('',*,*,#612,.F.);
#798=ORIENTED_EDGE('',*,*,#613,.T.);
#799=ORIENTED_EDGE('',*,*,#614,.F.);
#800=ORIENTED_EDGE('',*,*,#615,.T.);
#801=ORIENTED_EDGE('',*,*,#616,.F.);
#802=ORIENTED_EDGE('',*,*,#617,.T.);
#803=ORIENTED_EDGE('',*,*,#618,.F.);
#804=ORIENTED_EDGE('',*,*,#598,.T.);
#805=ORIENTED_EDGE('',*,*,#619,.T.);
#806=ORIENTED_EDGE('',*,*,#620,.T.);
#807=ORIENTED_EDGE('',*,*,#621,.T.);
#808=ORIENTED_EDGE('',*,*,#619,.F.);
#809=ORIENTED_EDGE('',*,*,#597,.F.);
#810=ORIENTED_EDGE('',*,*,#622,.F.);
#811=ORIENTED_EDGE('',*,*,#623,.F.);
#812=ORIENTED_EDGE('',*,*,#602,.T.);
#813=ORIENTED_EDGE('',*,*,#624,.T.);
#814=ORIENTED_EDGE('',*,*,#625,.T.);
#815=ORIENTED_EDGE('',*,*,#580,.T.);
#816=ORIENTED_EDGE('',*,*,#625,.F.);
#817=ORIENTED_EDGE('',*,*,#626,.F.);
#818=ORIENTED_EDGE('',*,*,#627,.F.);
#819=ORIENTED_EDGE('',*,*,#628,.F.);
#820=ORIENTED_EDGE('',*,*,#629,.F.);
#821=ORIENTED_EDGE('',*,*,#630,.F.);
#822=ORIENTED_EDGE('',*,*,#581,.F.);
#823=ORIENTED_EDGE('',*,*,#624,.F.);
#824=ORIENTED_EDGE('',*,*,#601,.F.);
#825=ORIENTED_EDGE('',*,*,#631,.F.);
#826=ORIENTED_EDGE('',*,*,#632,.T.);
#827=ORIENTED_EDGE('',*,*,#633,.F.);
#828=ORIENTED_EDGE('',*,*,#634,.T.);
#829=ORIENTED_EDGE('',*,*,#635,.F.);
#830=ORIENTED_EDGE('',*,*,#636,.F.);
#831=ORIENTED_EDGE('',*,*,#637,.F.);
#832=ORIENTED_EDGE('',*,*,#626,.T.);
#833=ORIENTED_EDGE('',*,*,#600,.T.);
#834=ORIENTED_EDGE('',*,*,#638,.T.);
#835=ORIENTED_EDGE('',*,*,#639,.T.);
#836=ORIENTED_EDGE('',*,*,#631,.T.);
#837=ORIENTED_EDGE('',*,*,#639,.F.);
#838=ORIENTED_EDGE('',*,*,#640,.F.);
#839=ORIENTED_EDGE('',*,*,#641,.F.);
#840=ORIENTED_EDGE('',*,*,#642,.F.);
#841=ORIENTED_EDGE('',*,*,#643,.F.);
#842=ORIENTED_EDGE('',*,*,#644,.F.);
#843=ORIENTED_EDGE('',*,*,#632,.F.);
#844=ORIENTED_EDGE('',*,*,#645,.T.);
#845=ORIENTED_EDGE('',*,*,#646,.T.);
#846=ORIENTED_EDGE('',*,*,#647,.T.);
#847=ORIENTED_EDGE('',*,*,#648,.T.);
#848=ORIENTED_EDGE('',*,*,#649,.T.);
#849=ORIENTED_EDGE('',*,*,#648,.F.);
#850=ORIENTED_EDGE('',*,*,#650,.T.);
#851=ORIENTED_EDGE('',*,*,#651,.T.);
#852=ORIENTED_EDGE('',*,*,#652,.F.);
#853=ORIENTED_EDGE('',*,*,#653,.F.);
#854=ORIENTED_EDGE('',*,*,#603,.F.);
#855=ORIENTED_EDGE('',*,*,#654,.F.);
#856=ORIENTED_EDGE('',*,*,#655,.F.);
#857=ORIENTED_EDGE('',*,*,#656,.F.);
#858=ORIENTED_EDGE('',*,*,#657,.T.);
#859=ORIENTED_EDGE('',*,*,#658,.F.);
#860=ORIENTED_EDGE('',*,*,#659,.F.);
#861=ORIENTED_EDGE('',*,*,#660,.T.);
#862=ORIENTED_EDGE('',*,*,#661,.F.);
#863=ORIENTED_EDGE('',*,*,#662,.T.);
#864=ORIENTED_EDGE('',*,*,#663,.T.);
#865=ORIENTED_EDGE('',*,*,#664,.F.);
#866=ORIENTED_EDGE('',*,*,#658,.T.);
#867=ORIENTED_EDGE('',*,*,#665,.T.);
#868=ORIENTED_EDGE('',*,*,#666,.T.);
#869=ORIENTED_EDGE('',*,*,#667,.F.);
#870=ORIENTED_EDGE('',*,*,#666,.F.);
#871=ORIENTED_EDGE('',*,*,#668,.T.);
#872=ORIENTED_EDGE('',*,*,#669,.T.);
#873=ORIENTED_EDGE('',*,*,#670,.F.);
#874=ORIENTED_EDGE('',*,*,#671,.T.);
#875=ORIENTED_EDGE('',*,*,#672,.F.);
#876=ORIENTED_EDGE('',*,*,#673,.T.);
#877=ORIENTED_EDGE('',*,*,#674,.T.);
#878=ORIENTED_EDGE('',*,*,#606,.T.);
#879=ORIENTED_EDGE('',*,*,#675,.T.);
#880=ORIENTED_EDGE('',*,*,#674,.F.);
#881=ORIENTED_EDGE('',*,*,#676,.F.);
#882=ORIENTED_EDGE('',*,*,#651,.F.);
#883=ORIENTED_EDGE('',*,*,#677,.T.);
#884=ORIENTED_EDGE('',*,*,#678,.F.);
#885=ORIENTED_EDGE('',*,*,#679,.T.);
#886=ORIENTED_EDGE('',*,*,#629,.T.);
#887=ORIENTED_EDGE('',*,*,#680,.T.);
#888=ORIENTED_EDGE('',*,*,#681,.F.);
#889=ORIENTED_EDGE('',*,*,#682,.F.);
#890=ORIENTED_EDGE('',*,*,#607,.F.);
#891=ORIENTED_EDGE('',*,*,#683,.T.);
#892=ORIENTED_EDGE('',*,*,#684,.T.);
#893=ORIENTED_EDGE('',*,*,#604,.T.);
#894=ORIENTED_EDGE('',*,*,#653,.T.);
#895=ORIENTED_EDGE('',*,*,#675,.F.);
#896=ORIENTED_EDGE('',*,*,#605,.F.);
#897=ORIENTED_EDGE('',*,*,#684,.F.);
#898=ORIENTED_EDGE('',*,*,#685,.T.);
#899=ORIENTED_EDGE('',*,*,#686,.T.);
#900=ORIENTED_EDGE('',*,*,#687,.T.);
#901=ORIENTED_EDGE('',*,*,#608,.T.);
#902=ORIENTED_EDGE('',*,*,#682,.T.);
#903=ORIENTED_EDGE('',*,*,#687,.F.);
#904=ORIENTED_EDGE('',*,*,#688,.T.);
#905=ORIENTED_EDGE('',*,*,#689,.F.);
#906=ORIENTED_EDGE('',*,*,#609,.F.);
#907=ORIENTED_EDGE('',*,*,#690,.T.);
#908=ORIENTED_EDGE('',*,*,#691,.T.);
#909=ORIENTED_EDGE('',*,*,#610,.T.);
#910=ORIENTED_EDGE('',*,*,#689,.T.);
#911=ORIENTED_EDGE('',*,*,#691,.F.);
#912=ORIENTED_EDGE('',*,*,#692,.F.);
#913=ORIENTED_EDGE('',*,*,#680,.F.);
#914=ORIENTED_EDGE('',*,*,#628,.T.);
#915=ORIENTED_EDGE('',*,*,#693,.F.);
#916=ORIENTED_EDGE('',*,*,#694,.F.);
#917=ORIENTED_EDGE('',*,*,#695,.T.);
#918=ORIENTED_EDGE('',*,*,#696,.F.);
#919=ORIENTED_EDGE('',*,*,#697,.T.);
#920=ORIENTED_EDGE('',*,*,#643,.T.);
#921=ORIENTED_EDGE('',*,*,#698,.T.);
#922=ORIENTED_EDGE('',*,*,#699,.F.);
#923=ORIENTED_EDGE('',*,*,#700,.F.);
#924=ORIENTED_EDGE('',*,*,#611,.F.);
#925=ORIENTED_EDGE('',*,*,#701,.T.);
#926=ORIENTED_EDGE('',*,*,#702,.T.);
#927=ORIENTED_EDGE('',*,*,#614,.T.);
#928=ORIENTED_EDGE('',*,*,#703,.T.);
#929=ORIENTED_EDGE('',*,*,#702,.F.);
#930=ORIENTED_EDGE('',*,*,#704,.F.);
#931=ORIENTED_EDGE('',*,*,#698,.F.);
#932=ORIENTED_EDGE('',*,*,#642,.T.);
#933=ORIENTED_EDGE('',*,*,#705,.F.);
#934=ORIENTED_EDGE('',*,*,#669,.F.);
#935=ORIENTED_EDGE('',*,*,#706,.T.);
#936=ORIENTED_EDGE('',*,*,#656,.T.);
#937=ORIENTED_EDGE('',*,*,#707,.F.);
#938=ORIENTED_EDGE('',*,*,#708,.F.);
#939=ORIENTED_EDGE('',*,*,#615,.F.);
#940=ORIENTED_EDGE('',*,*,#709,.T.);
#941=ORIENTED_EDGE('',*,*,#710,.T.);
#942=ORIENTED_EDGE('',*,*,#612,.T.);
#943=ORIENTED_EDGE('',*,*,#700,.T.);
#944=ORIENTED_EDGE('',*,*,#703,.F.);
#945=ORIENTED_EDGE('',*,*,#613,.F.);
#946=ORIENTED_EDGE('',*,*,#710,.F.);
#947=ORIENTED_EDGE('',*,*,#711,.T.);
#948=ORIENTED_EDGE('',*,*,#712,.T.);
#949=ORIENTED_EDGE('',*,*,#654,.T.);
#950=ORIENTED_EDGE('',*,*,#618,.T.);
#951=ORIENTED_EDGE('',*,*,#713,.T.);
#952=ORIENTED_EDGE('',*,*,#714,.T.);
#953=ORIENTED_EDGE('',*,*,#715,.T.);
#954=ORIENTED_EDGE('',*,*,#616,.T.);
#955=ORIENTED_EDGE('',*,*,#708,.T.);
#956=ORIENTED_EDGE('',*,*,#713,.F.);
#957=ORIENTED_EDGE('',*,*,#617,.F.);
#958=ORIENTED_EDGE('',*,*,#715,.F.);
#959=ORIENTED_EDGE('',*,*,#716,.T.);
#960=ORIENTED_EDGE('',*,*,#717,.T.);
#961=ORIENTED_EDGE('',*,*,#718,.T.);
#962=ORIENTED_EDGE('',*,*,#659,.T.);
#963=ORIENTED_EDGE('',*,*,#664,.T.);
#964=ORIENTED_EDGE('',*,*,#719,.T.);
#965=ORIENTED_EDGE('',*,*,#720,.T.);
#966=ORIENTED_EDGE('',*,*,#721,.F.);
#967=ORIENTED_EDGE('',*,*,#718,.F.);
#968=ORIENTED_EDGE('',*,*,#722,.T.);
#969=ORIENTED_EDGE('',*,*,#723,.F.);
#970=ORIENTED_EDGE('',*,*,#660,.F.);
#971=ORIENTED_EDGE('',*,*,#724,.F.);
#972=ORIENTED_EDGE('',*,*,#725,.T.);
#973=ORIENTED_EDGE('',*,*,#726,.F.);
#974=ORIENTED_EDGE('',*,*,#727,.T.);
#975=ORIENTED_EDGE('',*,*,#649,.F.);
#976=ORIENTED_EDGE('',*,*,#661,.T.);
#977=ORIENTED_EDGE('',*,*,#723,.T.);
#978=ORIENTED_EDGE('',*,*,#728,.T.);
#979=ORIENTED_EDGE('',*,*,#622,.T.);
#980=ORIENTED_EDGE('',*,*,#596,.T.);
#981=ORIENTED_EDGE('',*,*,#729,.T.);
#982=ORIENTED_EDGE('',*,*,#730,.F.);
#983=ORIENTED_EDGE('',*,*,#720,.F.);
#984=ORIENTED_EDGE('',*,*,#729,.F.);
#985=ORIENTED_EDGE('',*,*,#595,.T.);
#986=ORIENTED_EDGE('',*,*,#731,.T.);
#987=ORIENTED_EDGE('',*,*,#721,.T.);
#988=ORIENTED_EDGE('',*,*,#730,.T.);
#989=ORIENTED_EDGE('',*,*,#586,.T.);
#990=ORIENTED_EDGE('',*,*,#732,.T.);
#991=ORIENTED_EDGE('',*,*,#733,.T.);
#992=ORIENTED_EDGE('',*,*,#726,.T.);
#993=ORIENTED_EDGE('',*,*,#734,.T.);
#994=ORIENTED_EDGE('',*,*,#735,.T.);
#995=ORIENTED_EDGE('',*,*,#578,.F.);
#996=ORIENTED_EDGE('',*,*,#736,.F.);
#997=ORIENTED_EDGE('',*,*,#732,.F.);
#998=ORIENTED_EDGE('',*,*,#585,.F.);
#999=ORIENTED_EDGE('',*,*,#592,.T.);
#1000=ORIENTED_EDGE('',*,*,#737,.T.);
#1001=ORIENTED_EDGE('',*,*,#590,.T.);
#1002=ORIENTED_EDGE('',*,*,#738,.T.);
#1003=ORIENTED_EDGE('',*,*,#738,.F.);
#1004=ORIENTED_EDGE('',*,*,#589,.T.);
#1005=ORIENTED_EDGE('',*,*,#739,.T.);
#1006=ORIENTED_EDGE('',*,*,#593,.T.);
#1007=ORIENTED_EDGE('',*,*,#693,.T.);
#1008=ORIENTED_EDGE('',*,*,#627,.T.);
#1009=ORIENTED_EDGE('',*,*,#637,.T.);
#1010=ORIENTED_EDGE('',*,*,#740,.T.);
#1011=ORIENTED_EDGE('',*,*,#697,.F.);
#1012=ORIENTED_EDGE('',*,*,#741,.T.);
#1013=ORIENTED_EDGE('',*,*,#633,.T.);
#1014=ORIENTED_EDGE('',*,*,#644,.T.);
#1015=ORIENTED_EDGE('',*,*,#740,.F.);
#1016=ORIENTED_EDGE('',*,*,#636,.T.);
#1017=ORIENTED_EDGE('',*,*,#742,.F.);
#1018=ORIENTED_EDGE('',*,*,#634,.F.);
#1019=ORIENTED_EDGE('',*,*,#741,.F.);
#1020=ORIENTED_EDGE('',*,*,#696,.T.);
#1021=ORIENTED_EDGE('',*,*,#743,.T.);
#1022=ORIENTED_EDGE('',*,*,#694,.T.);
#1023=ORIENTED_EDGE('',*,*,#679,.F.);
#1024=ORIENTED_EDGE('',*,*,#744,.T.);
#1025=ORIENTED_EDGE('',*,*,#582,.T.);
#1026=ORIENTED_EDGE('',*,*,#630,.T.);
#1027=ORIENTED_EDGE('',*,*,#646,.F.);
#1028=ORIENTED_EDGE('',*,*,#745,.F.);
#1029=ORIENTED_EDGE('',*,*,#583,.F.);
#1030=ORIENTED_EDGE('',*,*,#744,.F.);
#1031=ORIENTED_EDGE('',*,*,#678,.T.);
#1032=ORIENTED_EDGE('',*,*,#746,.T.);
#1033=ORIENTED_EDGE('',*,*,#705,.T.);
#1034=ORIENTED_EDGE('',*,*,#641,.T.);
#1035=ORIENTED_EDGE('',*,*,#747,.T.);
#1036=ORIENTED_EDGE('',*,*,#670,.T.);
#1037=ORIENTED_EDGE('',*,*,#735,.F.);
#1038=ORIENTED_EDGE('',*,*,#734,.F.);
#1039=ORIENTED_EDGE('',*,*,#725,.F.);
#1040=ORIENTED_EDGE('',*,*,#748,.T.);
#1041=ORIENTED_EDGE('',*,*,#587,.T.);
#1042=ORIENTED_EDGE('',*,*,#731,.F.);
#1043=ORIENTED_EDGE('',*,*,#594,.F.);
#1044=ORIENTED_EDGE('',*,*,#739,.F.);
#1045=ORIENTED_EDGE('',*,*,#588,.F.);
#1046=ORIENTED_EDGE('',*,*,#748,.F.);
#1047=ORIENTED_EDGE('',*,*,#724,.T.);
#1048=ORIENTED_EDGE('',*,*,#722,.F.);
#1049=ORIENTED_EDGE('',*,*,#717,.F.);
#1050=ORIENTED_EDGE('',*,*,#620,.F.);
#1051=ORIENTED_EDGE('',*,*,#623,.T.);
#1052=ORIENTED_EDGE('',*,*,#728,.F.);
#1053=ORIENTED_EDGE('',*,*,#719,.F.);
#1054=ORIENTED_EDGE('',*,*,#667,.T.);
#1055=ORIENTED_EDGE('',*,*,#672,.T.);
#1056=ORIENTED_EDGE('',*,*,#749,.T.);
#1057=ORIENTED_EDGE('',*,*,#750,.F.);
#1058=ORIENTED_EDGE('',*,*,#751,.T.);
#1059=ORIENTED_EDGE('',*,*,#662,.F.);
#1060=ORIENTED_EDGE('',*,*,#751,.F.);
#1061=ORIENTED_EDGE('',*,*,#752,.F.);
#1062=ORIENTED_EDGE('',*,*,#753,.T.);
#1063=ORIENTED_EDGE('',*,*,#663,.F.);
#1064=ORIENTED_EDGE('',*,*,#753,.F.);
#1065=ORIENTED_EDGE('',*,*,#577,.F.);
#1066=ORIENTED_EDGE('',*,*,#584,.T.);
#1067=ORIENTED_EDGE('',*,*,#745,.T.);
#1068=ORIENTED_EDGE('',*,*,#645,.F.);
#1069=ORIENTED_EDGE('',*,*,#727,.F.);
#1070=ORIENTED_EDGE('',*,*,#733,.F.);
#1071=ORIENTED_EDGE('',*,*,#736,.T.);
#1072=ORIENTED_EDGE('',*,*,#754,.F.);
#1073=ORIENTED_EDGE('',*,*,#755,.T.);
#1074=ORIENTED_EDGE('',*,*,#756,.T.);
#1075=ORIENTED_EDGE('',*,*,#755,.F.);
#1076=ORIENTED_EDGE('',*,*,#754,.T.);
#1077=ORIENTED_EDGE('',*,*,#737,.F.);
#1078=ORIENTED_EDGE('',*,*,#591,.F.);
#1079=ORIENTED_EDGE('',*,*,#750,.T.);
#1080=ORIENTED_EDGE('',*,*,#752,.T.);
#1081=ORIENTED_EDGE('',*,*,#756,.F.);
#1082=ORIENTED_EDGE('',*,*,#635,.T.);
#1083=ORIENTED_EDGE('',*,*,#742,.T.);
#1084=ORIENTED_EDGE('',*,*,#695,.F.);
#1085=ORIENTED_EDGE('',*,*,#743,.F.);
#1086=ORIENTED_EDGE('',*,*,#650,.F.);
#1087=ORIENTED_EDGE('',*,*,#647,.F.);
#1088=ORIENTED_EDGE('',*,*,#746,.F.);
#1089=ORIENTED_EDGE('',*,*,#677,.F.);
#1090=ORIENTED_EDGE('',*,*,#706,.F.);
#1091=ORIENTED_EDGE('',*,*,#668,.F.);
#1092=ORIENTED_EDGE('',*,*,#665,.F.);
#1093=ORIENTED_EDGE('',*,*,#657,.F.);
#1094=ORIENTED_EDGE('',*,*,#652,.T.);
#1095=ORIENTED_EDGE('',*,*,#676,.T.);
#1096=ORIENTED_EDGE('',*,*,#673,.F.);
#1097=ORIENTED_EDGE('',*,*,#685,.F.);
#1098=ORIENTED_EDGE('',*,*,#683,.F.);
#1099=ORIENTED_EDGE('',*,*,#692,.T.);
#1100=ORIENTED_EDGE('',*,*,#690,.F.);
#1101=ORIENTED_EDGE('',*,*,#688,.F.);
#1102=ORIENTED_EDGE('',*,*,#686,.F.);
#1103=ORIENTED_EDGE('',*,*,#681,.T.);
#1104=ORIENTED_EDGE('',*,*,#704,.T.);
#1105=ORIENTED_EDGE('',*,*,#701,.F.);
#1106=ORIENTED_EDGE('',*,*,#711,.F.);
#1107=ORIENTED_EDGE('',*,*,#709,.F.);
#1108=ORIENTED_EDGE('',*,*,#699,.T.);
#1109=ORIENTED_EDGE('',*,*,#707,.T.);
#1110=ORIENTED_EDGE('',*,*,#655,.T.);
#1111=ORIENTED_EDGE('',*,*,#712,.F.);
#1112=ORIENTED_EDGE('',*,*,#716,.F.);
#1113=ORIENTED_EDGE('',*,*,#714,.F.);
#1114=ORIENTED_EDGE('',*,*,#621,.F.);
#1115=ORIENTED_EDGE('',*,*,#749,.F.);
#1116=ORIENTED_EDGE('',*,*,#671,.F.);
#1117=ORIENTED_EDGE('',*,*,#747,.F.);
#1118=ORIENTED_EDGE('',*,*,#640,.T.);
#1119=ORIENTED_EDGE('',*,*,#638,.F.);
#1120=ORIENTED_EDGE('',*,*,#599,.F.);
#1121=CYLINDRICAL_SURFACE('',#1233,3.);
#1122=CYLINDRICAL_SURFACE('',#1253,3.);
#1123=CYLINDRICAL_SURFACE('',#1256,3.);
#1124=CYLINDRICAL_SURFACE('',#1264,3.);
#1125=CYLINDRICAL_SURFACE('',#1269,3.);
#1126=CYLINDRICAL_SURFACE('',#1278,3.);
#1127=CYLINDRICAL_SURFACE('',#1281,4.);
#1128=CYLINDRICAL_SURFACE('',#1285,3.);
#1129=CYLINDRICAL_SURFACE('',#1289,3.);
#1130=CYLINDRICAL_SURFACE('',#1291,4.);
#1131=CYLINDRICAL_SURFACE('',#1293,3.);
#1132=CYLINDRICAL_SURFACE('',#1295,4.);
#1133=CYLINDRICAL_SURFACE('',#1297,3.);
#1134=CYLINDRICAL_SURFACE('',#1300,3.);
#1135=CYLINDRICAL_SURFACE('',#1304,3.);
#1136=CYLINDRICAL_SURFACE('',#1306,4.);
#1137=CYLINDRICAL_SURFACE('',#1308,3.);
#1138=CYLINDRICAL_SURFACE('',#1310,3.);
#1139=CYLINDRICAL_SURFACE('',#1312,4.);
#1140=CYLINDRICAL_SURFACE('',#1314,3.);
#1141=CYLINDRICAL_SURFACE('',#1316,17.5);
#1142=CYLINDRICAL_SURFACE('',#1318,3.);
#1143=CYLINDRICAL_SURFACE('',#1329,4.);
#1144=CYLINDRICAL_SURFACE('',#1334,4.);
#1145=CYLINDRICAL_SURFACE('',#1342,1.6);
#1146=CYLINDRICAL_SURFACE('',#1344,1.6);
#1147=CYLINDRICAL_SURFACE('',#1347,2.);
#1148=ADVANCED_FACE('',(#84),#1121,.T.);
#1149=ADVANCED_FACE('',(#85),#59,.T.);
#1150=ADVANCED_FACE('',(#86,#25),#60,.T.);
#1151=ADVANCED_FACE('',(#87),#1122,.T.);
#1152=ADVANCED_FACE('',(#88),#61,.T.);
#1153=ADVANCED_FACE('',(#89),#1123,.T.);
#1154=ADVANCED_FACE('',(#90),#62,.F.);
#1155=ADVANCED_FACE('',(#91),#63,.T.);
#1156=ADVANCED_FACE('',(#92),#1124,.T.);
#1157=ADVANCED_FACE('',(#93),#64,.F.);
#1158=ADVANCED_FACE('',(#94),#1125,.F.);
#1159=ADVANCED_FACE('',(#95,#26,#27),#65,.T.);
#1160=ADVANCED_FACE('',(#96),#1126,.F.);
#1161=ADVANCED_FACE('',(#97),#1127,.T.);
#1162=ADVANCED_FACE('',(#98),#1128,.F.);
#1163=ADVANCED_FACE('',(#99),#66,.T.);
#1164=ADVANCED_FACE('',(#100),#1129,.F.);
#1165=ADVANCED_FACE('',(#101),#1130,.T.);
#1166=ADVANCED_FACE('',(#102),#1131,.F.);
#1167=ADVANCED_FACE('',(#103),#1132,.T.);
#1168=ADVANCED_FACE('',(#104),#1133,.F.);
#1169=ADVANCED_FACE('',(#105),#67,.T.);
#1170=ADVANCED_FACE('',(#106),#1134,.F.);
#1171=ADVANCED_FACE('',(#107),#68,.T.);
#1172=ADVANCED_FACE('',(#108),#1135,.F.);
#1173=ADVANCED_FACE('',(#109),#1136,.T.);
#1174=ADVANCED_FACE('',(#110),#1137,.F.);
#1175=ADVANCED_FACE('',(#111),#1138,.F.);
#1176=ADVANCED_FACE('',(#112),#1139,.T.);
#1177=ADVANCED_FACE('',(#113),#1140,.F.);
#1178=ADVANCED_FACE('',(#114),#1141,.T.);
#1179=ADVANCED_FACE('',(#115),#1142,.F.);
#1180=ADVANCED_FACE('',(#116),#22,.F.);
#1181=ADVANCED_FACE('',(#117),#15,.F.);
#1182=ADVANCED_FACE('',(#118),#23,.F.);
#1183=ADVANCED_FACE('',(#119),#69,.T.);
#1184=ADVANCED_FACE('',(#120),#24,.F.);
#1185=ADVANCED_FACE('',(#121),#16,.F.);
#1186=ADVANCED_FACE('',(#122),#17,.F.);
#1187=ADVANCED_FACE('',(#123),#18,.F.);
#1188=ADVANCED_FACE('',(#124),#1143,.T.);
#1189=ADVANCED_FACE('',(#125),#19,.F.);
#1190=ADVANCED_FACE('',(#126),#1144,.T.);
#1191=ADVANCED_FACE('',(#127),#20,.F.);
#1192=ADVANCED_FACE('',(#128),#21,.F.);
#1193=ADVANCED_FACE('',(#129),#70,.T.);
#1194=ADVANCED_FACE('',(#130),#71,.T.);
#1195=ADVANCED_FACE('',(#131),#1145,.F.);
#1196=ADVANCED_FACE('',(#132),#1146,.F.);
#1197=ADVANCED_FACE('',(#133),#72,.T.);
#1198=ADVANCED_FACE('',(#134),#1147,.T.);
#1199=ADVANCED_FACE('',(#135),#73,.T.);
#1200=ADVANCED_FACE('',(#136,#28,#29,#30),#74,.T.);
#1201=ADVANCED_FACE('',(#137),#75,.T.);
#1202=ADVANCED_FACE('',(#138),#76,.F.);
#1203=ADVANCED_FACE('',(#139),#77,.F.);
#1204=ADVANCED_FACE('',(#140),#78,.F.);
#1205=ADVANCED_FACE('',(#141),#79,.F.);
#1206=ADVANCED_FACE('',(#142),#80,.F.);
#1207=ADVANCED_FACE('',(#143),#81,.F.);
#1208=ADVANCED_FACE('',(#144),#82,.F.);
#1209=ADVANCED_FACE('',(#145),#83,.T.);
#1210=CLOSED_SHELL('',(#1148,#1149,#1150,#1151,#1152,#1153,#1154,#1155,
#1156,#1157,#1158,#1159,#1160,#1161,#1162,#1163,#1164,#1165,#1166,#1167,
#1168,#1169,#1170,#1171,#1172,#1173,#1174,#1175,#1176,#1177,#1178,#1179,
#1180,#1181,#1182,#1183,#1184,#1185,#1186,#1187,#1188,#1189,#1190,#1191,
#1192,#1193,#1194,#1195,#1196,#1197,#1198,#1199,#1200,#1201,#1202,#1203,
#1204,#1205,#1206,#1207,#1208,#1209));
#1211=DERIVED_UNIT_ELEMENT(#1214,1.);
#1212=DERIVED_UNIT_ELEMENT(#2664,-3.);
#1213=DIMENSIONAL_EXPONENTS(0.,1.,0.,0.,0.,0.,0.);
#1214=(
CONVERSION_BASED_UNIT('gram',#1216)
MASS_UNIT()
NAMED_UNIT(#1213)
);
#1215=(
MASS_UNIT()
NAMED_UNIT(*)
SI_UNIT(.KILO.,.GRAM.)
);
#1216=MASS_MEASURE_WITH_UNIT(MASS_MEASURE(0.001),#1215);
#1217=DERIVED_UNIT((#1211,#1212));
#1218=MEASURE_REPRESENTATION_ITEM('density measure',
POSITIVE_RATIO_MEASURE(1.),#1217);
#1219=PROPERTY_DEFINITION_REPRESENTATION(#1224,#1221);
#1220=PROPERTY_DEFINITION_REPRESENTATION(#1225,#1222);
#1221=REPRESENTATION('material name',(#1223),#2661);
#1222=REPRESENTATION('density',(#1218),#2661);
#1223=DESCRIPTIVE_REPRESENTATION_ITEM('Generic','Generic');
#1224=PROPERTY_DEFINITION('material property','material name',#2671);
#1225=PROPERTY_DEFINITION('material property','density of part',#2671);
#1226=DATE_TIME_ROLE('creation_date');
#1227=APPLIED_DATE_AND_TIME_ASSIGNMENT(#1228,#1226,(#2671));
#1228=DATE_AND_TIME(#1229,#1230);
#1229=CALENDAR_DATE(2026,21,9);
#1230=LOCAL_TIME(0,0,0.,#1231);
#1231=COORDINATED_UNIVERSAL_TIME_OFFSET(0,0,.BEHIND.);
#1232=AXIS2_PLACEMENT_3D('',#1704,#1361,#1362);
#1233=AXIS2_PLACEMENT_3D('',#1705,#1363,#1364);
#1234=AXIS2_PLACEMENT_3D('',#1708,#1365,#1366);
#1235=AXIS2_PLACEMENT_3D('',#1712,#1368,#1369);
#1236=AXIS2_PLACEMENT_3D('',#1714,#1371,#1372);
#1237=AXIS2_PLACEMENT_3D('',#1735,#1378,#1379);
#1238=AXIS2_PLACEMENT_3D('',#1911,#1385,#1386);
#1239=AXIS2_PLACEMENT_3D('',#1915,#1388,#1389);
#1240=AXIS2_PLACEMENT_3D('',#1918,#1391,#1392);
#1241=AXIS2_PLACEMENT_3D('',#1923,#1394,#1395);
#1242=AXIS2_PLACEMENT_3D('',#1925,#1396,#1397);
#1243=AXIS2_PLACEMENT_3D('',#1927,#1398,#1399);
#1244=AXIS2_PLACEMENT_3D('',#1931,#1401,#1402);
#1245=AXIS2_PLACEMENT_3D('',#1933,#1403,#1404);
#1246=AXIS2_PLACEMENT_3D('',#1935,#1405,#1406);
#1247=AXIS2_PLACEMENT_3D('',#1939,#1408,#1409);
#1248=AXIS2_PLACEMENT_3D('',#1941,#1410,#1411);
#1249=AXIS2_PLACEMENT_3D('',#1943,#1412,#1413);
#1250=AXIS2_PLACEMENT_3D('',#1947,#1415,#1416);
#1251=AXIS2_PLACEMENT_3D('',#1949,#1417,#1418);
#1252=AXIS2_PLACEMENT_3D('',#1950,#1419,#1420);
#1253=AXIS2_PLACEMENT_3D('',#1951,#1421,#1422);
#1254=AXIS2_PLACEMENT_3D('',#1955,#1424,#1425);
#1255=AXIS2_PLACEMENT_3D('',#1957,#1427,#1428);
#1256=AXIS2_PLACEMENT_3D('',#1964,#1430,#1431);
#1257=AXIS2_PLACEMENT_3D('',#1967,#1433,#1434);
#1258=AXIS2_PLACEMENT_3D('',#1968,#1435,#1436);
#1259=AXIS2_PLACEMENT_3D('',#1972,#1438,#1439);
#1260=AXIS2_PLACEMENT_3D('',#1977,#1442,#1443);
#1261=AXIS2_PLACEMENT_3D('',#1978,#1444,#1445);
#1262=AXIS2_PLACEMENT_3D('',#1984,#1448,#1449);
#1263=AXIS2_PLACEMENT_3D('',#1991,#1453,#1454);
#1264=AXIS2_PLACEMENT_3D('',#1992,#1455,#1456);
#1265=AXIS2_PLACEMENT_3D('',#1995,#1458,#1459);
#1266=AXIS2_PLACEMENT_3D('',#1996,#1460,#1461);
#1267=AXIS2_PLACEMENT_3D('',#2000,#1463,#1464);
#1268=AXIS2_PLACEMENT_3D('',#2005,#1467,#1468);
#1269=AXIS2_PLACEMENT_3D('',#2006,#1469,#1470);
#1270=AXIS2_PLACEMENT_3D('',#2009,#1471,#1472);
#1271=AXIS2_PLACEMENT_3D('',#2013,#1474,#1475);
#1272=AXIS2_PLACEMENT_3D('',#2026,#1477,#1478);
#1273=AXIS2_PLACEMENT_3D('',#2045,#1488,#1489);
#1274=AXIS2_PLACEMENT_3D('',#2047,#1490,#1491);
#1275=AXIS2_PLACEMENT_3D('',#2048,#1492,#1493);
#1276=AXIS2_PLACEMENT_3D('',#2050,#1494,#1495);
#1277=AXIS2_PLACEMENT_3D('',#2052,#1496,#1497);
#1278=AXIS2_PLACEMENT_3D('',#2053,#1498,#1499);
#1279=AXIS2_PLACEMENT_3D('',#2066,#1500,#1501);
#1280=AXIS2_PLACEMENT_3D('',#2069,#1503,#1504);
#1281=AXIS2_PLACEMENT_3D('',#2070,#1505,#1506);
#1282=AXIS2_PLACEMENT_3D('',#2072,#1507,#1508);
#1283=AXIS2_PLACEMENT_3D('',#2076,#1510,#1511);
#1284=AXIS2_PLACEMENT_3D('',#2079,#1513,#1514);
#1285=AXIS2_PLACEMENT_3D('',#2080,#1515,#1516);
#1286=AXIS2_PLACEMENT_3D('',#2083,#1517,#1518);
#1287=AXIS2_PLACEMENT_3D('',#2086,#1521,#1522);
#1288=AXIS2_PLACEMENT_3D('',#2092,#1526,#1527);
#1289=AXIS2_PLACEMENT_3D('',#2098,#1531,#1532);
#1290=AXIS2_PLACEMENT_3D('',#2100,#1533,#1534);
#1291=AXIS2_PLACEMENT_3D('',#2102,#1536,#1537);
#1292=AXIS2_PLACEMENT_3D('',#2103,#1538,#1539);
#1293=AXIS2_PLACEMENT_3D('',#2104,#1540,#1541);
#1294=AXIS2_PLACEMENT_3D('',#2106,#1542,#1543);
#1295=AXIS2_PLACEMENT_3D('',#2108,#1545,#1546);
#1296=AXIS2_PLACEMENT_3D('',#2110,#1547,#1548);
#1297=AXIS2_PLACEMENT_3D('',#2112,#1550,#1551);
#1298=AXIS2_PLACEMENT_3D('',#2114,#1552,#1553);
#1299=AXIS2_PLACEMENT_3D('',#2116,#1555,#1556);
#1300=AXIS2_PLACEMENT_3D('',#2150,#1564,#1565);
#1301=AXIS2_PLACEMENT_3D('',#2153,#1566,#1567);
#1302=AXIS2_PLACEMENT_3D('',#2156,#1570,#1571);
#1303=AXIS2_PLACEMENT_3D('',#2158,#1573,#1574);
#1304=AXIS2_PLACEMENT_3D('',#2163,#1578,#1579);
#1305=AXIS2_PLACEMENT_3D('',#2165,#1580,#1581);
#1306=AXIS2_PLACEMENT_3D('',#2167,#1583,#1584);
#1307=AXIS2_PLACEMENT_3D('',#2168,#1585,#1586);
#1308=AXIS2_PLACEMENT_3D('',#2169,#1587,#1588);
#1309=AXIS2_PLACEMENT_3D('',#2171,#1589,#1590);
#1310=AXIS2_PLACEMENT_3D('',#2173,#1592,#1593);
#1311=AXIS2_PLACEMENT_3D('',#2175,#1594,#1595);
#1312=AXIS2_PLACEMENT_3D('',#2177,#1597,#1598);
#1313=AXIS2_PLACEMENT_3D('',#2178,#1599,#1600);
#1314=AXIS2_PLACEMENT_3D('',#2179,#1601,#1602);
#1315=AXIS2_PLACEMENT_3D('',#2182,#1603,#1604);
#1316=AXIS2_PLACEMENT_3D('',#2203,#1607,#1608);
#1317=AXIS2_PLACEMENT_3D('',#2205,#1609,#1610);
#1318=AXIS2_PLACEMENT_3D('',#2207,#1612,#1613);
#1319=AXIS2_PLACEMENT_3D('',#2209,#1614,#1615);
#1320=AXIS2_PLACEMENT_3D('',#2287,#1617,#1618);
#1321=AXIS2_PLACEMENT_3D('',#2288,#1619,#1620);
#1322=AXIS2_PLACEMENT_3D('',#2336,#1621,#1622);
#1323=AXIS2_PLACEMENT_3D('',#2603,#1624,#1625);
#1324=AXIS2_PLACEMENT_3D('',#2604,#1626,#1627);
#1325=AXIS2_PLACEMENT_3D('',#2605,#1628,#1629);
#1326=AXIS2_PLACEMENT_3D('',#2606,#1630,#1631);
#1327=AXIS2_PLACEMENT_3D('',#2607,#1632,#1633);
#1328=AXIS2_PLACEMENT_3D('',#2608,#1634,#1635);
#1329=AXIS2_PLACEMENT_3D('',#2609,#1636,#1637);
#1330=AXIS2_PLACEMENT_3D('',#2610,#1638,#1639);
#1331=AXIS2_PLACEMENT_3D('',#2611,#1640,#1641);
#1332=AXIS2_PLACEMENT_3D('',#2612,#1642,#1643);
#1333=AXIS2_PLACEMENT_3D('',#2613,#1644,#1645);
#1334=AXIS2_PLACEMENT_3D('',#2614,#1646,#1647);
#1335=AXIS2_PLACEMENT_3D('',#2615,#1648,#1649);
#1336=AXIS2_PLACEMENT_3D('',#2616,#1650,#1651);
#1337=AXIS2_PLACEMENT_3D('',#2617,#1652,#1653);
#1338=AXIS2_PLACEMENT_3D('',#2628,#1654,#1655);
#1339=AXIS2_PLACEMENT_3D('',#2629,#1656,#1657);
#1340=AXIS2_PLACEMENT_3D('',#2630,#1658,#1659);
#1341=AXIS2_PLACEMENT_3D('',#2631,#1660,#1661);
#1342=AXIS2_PLACEMENT_3D('',#2633,#1663,#1664);
#1343=AXIS2_PLACEMENT_3D('',#2635,#1665,#1666);
#1344=AXIS2_PLACEMENT_3D('',#2637,#1668,#1669);
#1345=AXIS2_PLACEMENT_3D('',#2639,#1670,#1671);
#1346=AXIS2_PLACEMENT_3D('',#2641,#1673,#1674);
#1347=AXIS2_PLACEMENT_3D('',#2642,#1675,#1676);
#1348=AXIS2_PLACEMENT_3D('',#2644,#1677,#1678);
#1349=AXIS2_PLACEMENT_3D('',#2647,#1680,#1681);
#1350=AXIS2_PLACEMENT_3D('',#2648,#1682,#1683);
#1351=AXIS2_PLACEMENT_3D('',#2649,#1684,#1685);
#1352=AXIS2_PLACEMENT_3D('',#2650,#1686,#1687);
#1353=AXIS2_PLACEMENT_3D('',#2651,#1688,#1689);
#1354=AXIS2_PLACEMENT_3D('',#2652,#1690,#1691);
#1355=AXIS2_PLACEMENT_3D('',#2653,#1692,#1693);
#1356=AXIS2_PLACEMENT_3D('',#2654,#1694,#1695);
#1357=AXIS2_PLACEMENT_3D('',#2655,#1696,#1697);
#1358=AXIS2_PLACEMENT_3D('',#2656,#1698,#1699);
#1359=AXIS2_PLACEMENT_3D('',#2657,#1700,#1701);
#1360=AXIS2_PLACEMENT_3D('',#2658,#1702,#1703);
#1361=DIRECTION('axis',(0.,0.,1.));
#1362=DIRECTION('refdir',(1.,0.,0.));
#1363=DIRECTION('center_axis',(0.,1.,0.));
#1364=DIRECTION('ref_axis',(0.707106781186547,0.,-0.707106781186548));
#1365=DIRECTION('center_axis',(0.,-1.,0.));
#1366=DIRECTION('ref_axis',(0.707106781186547,0.,-0.707106781186548));
#1367=DIRECTION('',(0.,-1.,0.));
#1368=DIRECTION('center_axis',(0.,1.,0.));
#1369=DIRECTION('ref_axis',(0.707106781186547,0.,-0.707106781186548));
#1370=DIRECTION('',(0.,1.,0.));
#1371=DIRECTION('center_axis',(1.,0.,-1.24146344606635E-16));
#1372=DIRECTION('ref_axis',(-1.24146344606635E-16,0.,-1.));
#1373=DIRECTION('',(-1.24146344606635E-16,0.,-1.));
#1374=DIRECTION('',(0.,1.,0.));
#1375=DIRECTION('',(-1.24146344606635E-16,0.,-1.));
#1376=DIRECTION('',(0.,-1.,0.));
#1377=DIRECTION('',(1.24146344606635E-16,0.,1.));
#1378=DIRECTION('center_axis',(0.,1.,0.));
#1379=DIRECTION('ref_axis',(0.,0.,1.));
#1380=DIRECTION('',(-1.,0.,0.));
#1381=DIRECTION('',(-1.,0.,0.));
#1382=DIRECTION('',(-1.,0.,0.));
#1383=DIRECTION('',(-1.,0.,0.));
#1384=DIRECTION('',(-1.,0.,0.));
#1385=DIRECTION('center_axis',(0.,-1.,0.));
#1386=DIRECTION('ref_axis',(-0.707106781186546,0.,-0.707106781186549));
#1387=DIRECTION('',(-2.83763073386595E-16,0.,1.));
#1388=DIRECTION('center_axis',(0.,-1.,0.));
#1389=DIRECTION('ref_axis',(-0.707106781186548,0.,0.707106781186548));
#1390=DIRECTION('',(1.,0.,0.));
#1391=DIRECTION('center_axis',(0.,-1.,0.));
#1392=DIRECTION('ref_axis',(0.707106781186547,0.,0.707106781186548));
#1393=DIRECTION('',(1.,0.,0.));
#1394=DIRECTION('center_axis',(0.,1.,0.));
#1395=DIRECTION('ref_axis',(0.534522483824848,0.,-0.845154254728517));
#1396=DIRECTION('center_axis',(0.,1.,0.));
#1397=DIRECTION('ref_axis',(-1.,0.,0.));
#1398=DIRECTION('center_axis',(0.,1.,0.));
#1399=DIRECTION('ref_axis',(0.845154254728516,0.,-0.534522483824849));
#1400=DIRECTION('',(1.20143392682493E-16,0.,1.));
#1401=DIRECTION('center_axis',(0.,1.,0.));
#1402=DIRECTION('ref_axis',(0.845154254728516,0.,0.53452248382485));
#1403=DIRECTION('center_axis',(0.,1.,0.));
#1404=DIRECTION('ref_axis',(-3.81639164714898E-16,0.,-1.));
#1405=DIRECTION('center_axis',(0.,1.,0.));
#1406=DIRECTION('ref_axis',(0.534522483824849,0.,0.845154254728517));
#1407=DIRECTION('',(-1.,0.,0.));
#1408=DIRECTION('center_axis',(0.,1.,0.));
#1409=DIRECTION('ref_axis',(-0.53452248382485,0.,0.845154254728516));
#1410=DIRECTION('center_axis',(0.,1.,0.));
#1411=DIRECTION('ref_axis',(1.,0.,0.));
#1412=DIRECTION('center_axis',(0.,1.,0.));
#1413=DIRECTION('ref_axis',(-0.845154254728516,0.,0.53452248382485));
#1414=DIRECTION('',(3.13843964558348E-16,0.,-1.));
#1415=DIRECTION('center_axis',(0.,1.,0.));
#1416=DIRECTION('ref_axis',(-0.845154254728516,0.,-0.534522483824849));
#1417=DIRECTION('center_axis',(0.,1.,0.));
#1418=DIRECTION('ref_axis',(0.,0.,1.));
#1419=DIRECTION('center_axis',(0.,1.,0.));
#1420=DIRECTION('ref_axis',(-0.53452248382485,0.,-0.845154254728516));
#1421=DIRECTION('center_axis',(0.,1.,0.));
#1422=DIRECTION('ref_axis',(-0.707106781186546,0.,-0.707106781186549));
#1423=DIRECTION('',(0.,-1.,0.));
#1424=DIRECTION('center_axis',(0.,1.,0.));
#1425=DIRECTION('ref_axis',(-0.707106781186546,0.,-0.707106781186549));
#1426=DIRECTION('',(0.,1.,0.));
#1427=DIRECTION('center_axis',(0.,0.,-1.));
#1428=DIRECTION('ref_axis',(-1.,0.,0.));
#1429=DIRECTION('',(1.,0.,8.05969527858468E-17));
#1430=DIRECTION('center_axis',(0.,1.,0.));
#1431=DIRECTION('ref_axis',(0.707106781186547,0.,0.707106781186548));
#1432=DIRECTION('',(0.,-1.,0.));
#1433=DIRECTION('center_axis',(0.,1.,0.));
#1434=DIRECTION('ref_axis',(0.707106781186547,0.,0.707106781186548));
#1435=DIRECTION('center_axis',(0.,1.,0.));
#1436=DIRECTION('ref_axis',(0.,0.,1.));
#1437=DIRECTION('',(1.,0.,0.));
#1438=DIRECTION('center_axis',(0.,-1.,0.));
#1439=DIRECTION('ref_axis',(0.911437827765922,0.,-0.411437827766648));
#1440=DIRECTION('',(-1.,0.,0.));
#1441=DIRECTION('',(1.22595298655605E-16,0.,1.));
#1442=DIRECTION('center_axis',(0.,-1.,0.));
#1443=DIRECTION('ref_axis',(0.411437827766648,0.,0.911437827765922));
#1444=DIRECTION('center_axis',(0.,0.,1.));
#1445=DIRECTION('ref_axis',(1.,0.,0.));
#1446=DIRECTION('',(0.,1.,0.));
#1447=DIRECTION('',(1.,0.,0.));
#1448=DIRECTION('center_axis',(0.,0.,1.));
#1449=DIRECTION('ref_axis',(-1.,0.,0.));
#1450=DIRECTION('',(0.,-1.,0.));
#1451=DIRECTION('',(-1.,0.,0.));
#1452=DIRECTION('',(0.,-1.,0.));
#1453=DIRECTION('center_axis',(0.,0.,1.));
#1454=DIRECTION('ref_axis',(1.,0.,0.));
#1455=DIRECTION('center_axis',(0.,1.,0.));
#1456=DIRECTION('ref_axis',(-0.707106781186548,0.,0.707106781186548));
#1457=DIRECTION('',(0.,-1.,0.));
#1458=DIRECTION('center_axis',(0.,1.,0.));
#1459=DIRECTION('ref_axis',(-0.707106781186548,0.,0.707106781186548));
#1460=DIRECTION('center_axis',(0.,1.,0.));
#1461=DIRECTION('ref_axis',(0.,0.,1.));
#1462=DIRECTION('',(-2.83763073386595E-16,0.,1.));
#1463=DIRECTION('center_axis',(0.,-1.,0.));
#1464=DIRECTION('ref_axis',(-0.411437827766645,0.,0.911437827765923));
#1465=DIRECTION('',(3.13843964558348E-16,0.,-1.));
#1466=DIRECTION('',(-1.,0.,0.));
#1467=DIRECTION('center_axis',(0.,-1.,0.));
#1468=DIRECTION('ref_axis',(-0.911437827765922,0.,-0.411437827766648));
#1469=DIRECTION('center_axis',(0.,-1.,0.));
#1470=DIRECTION('ref_axis',(0.534522483824848,0.,-0.845154254728517));
#1471=DIRECTION('center_axis',(0.,-1.,0.));
#1472=DIRECTION('ref_axis',(0.534522483824848,0.,-0.845154254728517));
#1473=DIRECTION('',(0.,1.,0.));
#1474=DIRECTION('center_axis',(0.,1.,0.));
#1475=DIRECTION('ref_axis',(0.534522483824848,0.,-0.845154254728517));
#1476=DIRECTION('',(0.,-1.,0.));
#1477=DIRECTION('center_axis',(0.,0.,1.));
#1478=DIRECTION('ref_axis',(1.,0.,0.));
#1479=DIRECTION('',(1.,0.,0.));
#1480=DIRECTION('',(0.,1.,0.));
#1481=DIRECTION('',(1.,0.,0.));
#1482=DIRECTION('',(0.,-1.,0.));
#1483=DIRECTION('',(0.,1.,0.));
#1484=DIRECTION('',(1.,0.,0.));
#1485=DIRECTION('',(0.,1.,0.));
#1486=DIRECTION('',(1.,0.,0.));
#1487=DIRECTION('',(0.,1.,0.));
#1488=DIRECTION('center_axis',(0.,0.,1.));
#1489=DIRECTION('ref_axis',(0.603849440126811,0.79709839647219,0.));
#1490=DIRECTION('center_axis',(0.,0.,1.));
#1491=DIRECTION('ref_axis',(-1.,0.,0.));
#1492=DIRECTION('center_axis',(0.,0.,1.));
#1493=DIRECTION('ref_axis',(-0.603849440126811,0.79709839647219,0.));
#1494=DIRECTION('center_axis',(0.,0.,-1.));
#1495=DIRECTION('ref_axis',(1.,0.,0.));
#1496=DIRECTION('center_axis',(0.,0.,-1.));
#1497=DIRECTION('ref_axis',(1.,0.,0.));
#1498=DIRECTION('center_axis',(0.,-1.,0.));
#1499=DIRECTION('ref_axis',(-0.53452248382485,0.,-0.845154254728516));
#1500=DIRECTION('center_axis',(0.,1.,0.));
#1501=DIRECTION('ref_axis',(-0.53452248382485,0.,-0.845154254728516));
#1502=DIRECTION('',(0.,-1.,0.));
#1503=DIRECTION('center_axis',(0.,-1.,0.));
#1504=DIRECTION('ref_axis',(-0.53452248382485,0.,-0.845154254728516));
#1505=DIRECTION('center_axis',(0.,-1.,0.));
#1506=DIRECTION('ref_axis',(1.,0.,0.));
#1507=DIRECTION('center_axis',(0.,-1.,0.));
#1508=DIRECTION('ref_axis',(1.,0.,0.));
#1509=DIRECTION('',(0.,-1.,0.));
#1510=DIRECTION('center_axis',(0.,1.,0.));
#1511=DIRECTION('ref_axis',(-0.411437827766646,0.,0.911437827765923));
#1512=DIRECTION('',(0.,-1.,0.));
#1513=DIRECTION('center_axis',(0.,-1.,0.));
#1514=DIRECTION('ref_axis',(1.,0.,0.));
#1515=DIRECTION('center_axis',(0.,1.,0.));
#1516=DIRECTION('ref_axis',(0.845154254728516,0.,-0.534522483824849));
#1517=DIRECTION('center_axis',(0.,-1.,0.));
#1518=DIRECTION('ref_axis',(0.845154254728516,0.,-0.534522483824849));
#1519=DIRECTION('',(0.,1.,0.));
#1520=DIRECTION('',(0.,-1.,0.));
#1521=DIRECTION('center_axis',(-1.,0.,1.22595298655605E-16));
#1522=DIRECTION('ref_axis',(1.22595298655605E-16,0.,1.));
#1523=DIRECTION('',(1.22595298655605E-16,0.,1.));
#1524=DIRECTION('',(1.22595298655605E-16,0.,1.));
#1525=DIRECTION('',(0.,1.,0.));
#1526=DIRECTION('center_axis',(-1.,0.,1.22595298655605E-16));
#1527=DIRECTION('ref_axis',(1.22595298655605E-16,0.,1.));
#1528=DIRECTION('',(0.,1.,0.));
#1529=DIRECTION('',(1.22595298655605E-16,0.,1.));
#1530=DIRECTION('',(0.,-1.,0.));
#1531=DIRECTION('center_axis',(0.,1.,0.));
#1532=DIRECTION('ref_axis',(0.534522483824848,0.,-0.845154254728517));
#1533=DIRECTION('center_axis',(0.,-1.,0.));
#1534=DIRECTION('ref_axis',(0.534522483824848,0.,-0.845154254728517));
#1535=DIRECTION('',(0.,1.,0.));
#1536=DIRECTION('center_axis',(0.,1.,0.));
#1537=DIRECTION('ref_axis',(-1.,0.,0.));
#1538=DIRECTION('center_axis',(0.,1.,0.));
#1539=DIRECTION('ref_axis',(-1.,0.,0.));
#1540=DIRECTION('center_axis',(0.,1.,0.));
#1541=DIRECTION('ref_axis',(0.845154254728516,0.,0.53452248382485));
#1542=DIRECTION('center_axis',(0.,-1.,0.));
#1543=DIRECTION('ref_axis',(0.845154254728516,0.,0.53452248382485));
#1544=DIRECTION('',(0.,1.,0.));
#1545=DIRECTION('center_axis',(0.,1.,0.));
#1546=DIRECTION('ref_axis',(-3.81639164714898E-16,0.,-1.));
#1547=DIRECTION('center_axis',(0.,1.,0.));
#1548=DIRECTION('ref_axis',(-3.81639164714898E-16,0.,-1.));
#1549=DIRECTION('',(0.,-1.,0.));
#1550=DIRECTION('center_axis',(0.,1.,0.));
#1551=DIRECTION('ref_axis',(0.534522483824849,0.,0.845154254728517));
#1552=DIRECTION('center_axis',(0.,-1.,0.));
#1553=DIRECTION('ref_axis',(0.534522483824849,0.,0.845154254728517));
#1554=DIRECTION('',(0.,1.,0.));
#1555=DIRECTION('center_axis',(0.,0.,-1.));
#1556=DIRECTION('ref_axis',(-1.,0.,0.));
#1557=DIRECTION('',(-1.,0.,0.));
#1558=DIRECTION('',(0.,-1.,0.));
#1559=DIRECTION('',(-1.,0.,0.));
#1560=DIRECTION('',(0.,1.,0.));
#1561=DIRECTION('',(0.,1.,0.));
#1562=DIRECTION('',(-1.,0.,0.));
#1563=DIRECTION('',(0.,-1.,0.));
#1564=DIRECTION('center_axis',(0.,1.,0.));
#1565=DIRECTION('ref_axis',(-0.845154254728516,0.,0.53452248382485));
#1566=DIRECTION('center_axis',(0.,-1.,0.));
#1567=DIRECTION('ref_axis',(-0.845154254728516,0.,0.53452248382485));
#1568=DIRECTION('',(0.,1.,0.));
#1569=DIRECTION('',(0.,-1.,0.));
#1570=DIRECTION('center_axis',(1.,0.,3.13843964558348E-16));
#1571=DIRECTION('ref_axis',(3.13843964558348E-16,0.,-1.));
#1572=DIRECTION('',(3.13843964558348E-16,0.,-1.));
#1573=DIRECTION('center_axis',(1.,0.,3.13843964558348E-16));
#1574=DIRECTION('ref_axis',(-3.13843964558348E-16,0.,1.));
#1575=DIRECTION('',(3.13843964558348E-16,0.,-1.));
#1576=DIRECTION('',(3.13843964558348E-16,0.,-1.));
#1577=DIRECTION('',(0.,-1.,0.));
#1578=DIRECTION('center_axis',(0.,1.,0.));
#1579=DIRECTION('ref_axis',(-0.53452248382485,0.,0.845154254728516));
#1580=DIRECTION('center_axis',(0.,-1.,0.));
#1581=DIRECTION('ref_axis',(-0.53452248382485,0.,0.845154254728516));
#1582=DIRECTION('',(0.,1.,0.));
#1583=DIRECTION('center_axis',(0.,1.,0.));
#1584=DIRECTION('ref_axis',(1.,0.,0.));
#1585=DIRECTION('center_axis',(0.,1.,0.));
#1586=DIRECTION('ref_axis',(1.,0.,0.));
#1587=DIRECTION('center_axis',(0.,1.,0.));
#1588=DIRECTION('ref_axis',(-0.53452248382485,0.,-0.845154254728516));
#1589=DIRECTION('center_axis',(0.,-1.,0.));
#1590=DIRECTION('ref_axis',(-0.53452248382485,0.,-0.845154254728516));
#1591=DIRECTION('',(0.,-1.,0.));
#1592=DIRECTION('center_axis',(0.,1.,0.));
#1593=DIRECTION('ref_axis',(-0.845154254728516,0.,-0.534522483824849));
#1594=DIRECTION('center_axis',(0.,-1.,0.));
#1595=DIRECTION('ref_axis',(-0.845154254728516,0.,-0.534522483824849));
#1596=DIRECTION('',(0.,1.,0.));
#1597=DIRECTION('center_axis',(0.,1.,0.));
#1598=DIRECTION('ref_axis',(0.,0.,1.));
#1599=DIRECTION('center_axis',(0.,1.,0.));
#1600=DIRECTION('ref_axis',(0.,0.,1.));
#1601=DIRECTION('center_axis',(0.,0.,1.));
#1602=DIRECTION('ref_axis',(0.603849440126811,0.79709839647219,0.));
#1603=DIRECTION('center_axis',(0.,0.,-1.));
#1604=DIRECTION('ref_axis',(0.603849440126811,0.79709839647219,0.));
#1605=DIRECTION('',(0.,0.,1.));
#1606=DIRECTION('',(0.,0.,-1.));
#1607=DIRECTION('center_axis',(0.,0.,-1.));
#1608=DIRECTION('ref_axis',(-1.,0.,0.));
#1609=DIRECTION('center_axis',(0.,0.,1.));
#1610=DIRECTION('ref_axis',(-1.,0.,0.));
#1611=DIRECTION('',(0.,0.,-1.));
#1612=DIRECTION('center_axis',(0.,0.,-1.));
#1613=DIRECTION('ref_axis',(-0.603849440126811,0.79709839647219,0.));
#1614=DIRECTION('center_axis',(0.,0.,-1.));
#1615=DIRECTION('ref_axis',(-0.603849440126811,0.79709839647219,0.));
#1616=DIRECTION('',(0.,0.,1.));
#1617=DIRECTION('center_axis',(0.,0.,1.));
#1618=DIRECTION('ref_axis',(-0.999944925056137,-0.0104950871591001,0.));
#1619=DIRECTION('center_axis',(0.,0.,1.));
#1620=DIRECTION('ref_axis',(-1.,-2.41971684854201E-16,0.));
#1621=DIRECTION('center_axis',(0.,0.,-1.));
#1622=DIRECTION('ref_axis',(-1.,0.,0.));
#1623=DIRECTION('',(1.,0.,8.05969527858468E-17));
#1624=DIRECTION('center_axis',(0.,0.,-1.));
#1625=DIRECTION('ref_axis',(0.,-1.,0.));
#1626=DIRECTION('center_axis',(0.,0.,-1.));
#1627=DIRECTION('ref_axis',(-3.1720657846433E-16,-1.,0.));
#1628=DIRECTION('center_axis',(0.,1.,0.));
#1629=DIRECTION('ref_axis',(0.,0.,1.));
#1630=DIRECTION('center_axis',(0.,1.,0.));
#1631=DIRECTION('ref_axis',(0.911437827765922,0.,-0.411437827766648));
#1632=DIRECTION('center_axis',(0.,1.,0.));
#1633=DIRECTION('ref_axis',(0.,0.,1.));
#1634=DIRECTION('center_axis',(0.,1.,0.));
#1635=DIRECTION('ref_axis',(-0.911437827765922,0.,-0.411437827766648));
#1636=DIRECTION('center_axis',(0.,-1.,0.));
#1637=DIRECTION('ref_axis',(-1.,0.,0.));
#1638=DIRECTION('center_axis',(0.,-1.,0.));
#1639=DIRECTION('ref_axis',(-1.,0.,0.));
#1640=DIRECTION('center_axis',(0.,-1.,0.));
#1641=DIRECTION('ref_axis',(-1.,0.,0.));
#1642=DIRECTION('center_axis',(0.,1.,0.));
#1643=DIRECTION('ref_axis',(0.,0.,1.));
#1644=DIRECTION('center_axis',(0.,1.,0.));
#1645=DIRECTION('ref_axis',(0.411437827766648,0.,0.911437827765922));
#1646=DIRECTION('center_axis',(0.,-1.,0.));
#1647=DIRECTION('ref_axis',(0.750000000000726,0.,0.661437827765325));
#1648=DIRECTION('center_axis',(0.,-1.,0.));
#1649=DIRECTION('ref_axis',(0.750000000000726,0.,0.661437827765325));
#1650=DIRECTION('center_axis',(0.,-1.,0.));
#1651=DIRECTION('ref_axis',(0.750000000000726,0.,0.661437827765325));
#1652=DIRECTION('center_axis',(0.,1.,0.));
#1653=DIRECTION('ref_axis',(0.,0.,1.));
#1654=DIRECTION('center_axis',(0.,0.,1.));
#1655=DIRECTION('ref_axis',(1.,0.,0.));
#1656=DIRECTION('center_axis',(0.,0.,1.));
#1657=DIRECTION('ref_axis',(1.,1.209858424271E-16,0.));
#1658=DIRECTION('center_axis',(0.,0.,-1.));
#1659=DIRECTION('ref_axis',(-1.,0.,0.));
#1660=DIRECTION('center_axis',(0.,-1.,0.));
#1661=DIRECTION('ref_axis',(0.,0.,-1.));
#1662=DIRECTION('',(2.83763073386595E-16,0.,-1.));
#1663=DIRECTION('center_axis',(0.,0.,-1.));
#1664=DIRECTION('ref_axis',(1.,0.,0.));
#1665=DIRECTION('center_axis',(0.,0.,1.));
#1666=DIRECTION('ref_axis',(1.,0.,0.));
#1667=DIRECTION('',(0.,0.,1.));
#1668=DIRECTION('center_axis',(0.,0.,-1.));
#1669=DIRECTION('ref_axis',(1.,0.,0.));
#1670=DIRECTION('center_axis',(0.,0.,1.));
#1671=DIRECTION('ref_axis',(1.,0.,0.));
#1672=DIRECTION('',(0.,0.,1.));
#1673=DIRECTION('center_axis',(0.,-1.,0.));
#1674=DIRECTION('ref_axis',(0.,0.,-1.));
#1675=DIRECTION('center_axis',(0.,0.,-1.));
#1676=DIRECTION('ref_axis',(-1.,0.,0.));
#1677=DIRECTION('center_axis',(0.,0.,-1.));
#1678=DIRECTION('ref_axis',(-1.,0.,0.));
#1679=DIRECTION('',(0.,0.,1.));
#1680=DIRECTION('center_axis',(0.,0.,-1.));
#1681=DIRECTION('ref_axis',(-1.,0.,0.));
#1682=DIRECTION('center_axis',(0.,0.,-1.));
#1683=DIRECTION('ref_axis',(-1.,0.,0.));
#1684=DIRECTION('center_axis',(0.,0.,-1.));
#1685=DIRECTION('ref_axis',(-1.,0.,0.));
#1686=DIRECTION('center_axis',(0.,-1.,0.));
#1687=DIRECTION('ref_axis',(0.,0.,-1.));
#1688=DIRECTION('center_axis',(0.,-1.,0.));
#1689=DIRECTION('ref_axis',(0.,0.,-1.));
#1690=DIRECTION('center_axis',(0.,-1.,0.));
#1691=DIRECTION('ref_axis',(0.,0.,-1.));
#1692=DIRECTION('center_axis',(0.,-1.,0.));
#1693=DIRECTION('ref_axis',(0.,0.,-1.));
#1694=DIRECTION('center_axis',(0.,1.,0.));
#1695=DIRECTION('ref_axis',(0.,0.,1.));
#1696=DIRECTION('center_axis',(0.,1.,0.));
#1697=DIRECTION('ref_axis',(0.,0.,1.));
#1698=DIRECTION('center_axis',(0.,1.,0.));
#1699=DIRECTION('ref_axis',(0.,0.,1.));
#1700=DIRECTION('center_axis',(0.,1.,0.));
#1701=DIRECTION('ref_axis',(0.,0.,1.));
#1702=DIRECTION('center_axis',(-1.,0.,-2.83763073386595E-16));
#1703=DIRECTION('ref_axis',(-2.83763073386595E-16,0.,1.));
#1704=CARTESIAN_POINT('',(0.,0.,0.));
#1705=CARTESIAN_POINT('Origin',(0.300000000002901,0.,-0.300000000002907));
#1706=CARTESIAN_POINT('',(0.300000000002901,3.4,-3.30000000000291));
#1707=CARTESIAN_POINT('',(3.3000000000029,3.4,-0.300000000002907));
#1708=CARTESIAN_POINT('Origin',(0.300000000002901,3.4,-0.300000000002907));
#1709=CARTESIAN_POINT('',(3.3000000000029,-1.7,-0.300000000002907));
#1710=CARTESIAN_POINT('',(3.3000000000029,0.,-0.300000000002907));
#1711=CARTESIAN_POINT('',(0.300000000002898,-1.7,-3.30000000000291));
#1712=CARTESIAN_POINT('Origin',(0.300000000002901,-1.7,-0.300000000002907));
#1713=CARTESIAN_POINT('',(0.300000000002901,0.,-3.30000000000291));
#1714=CARTESIAN_POINT('Origin',(3.30000000000291,0.,59.3000000000029));
#1715=CARTESIAN_POINT('',(3.30000000000291,3.4,56.3000000000029));
#1716=CARTESIAN_POINT('',(3.30000000000291,3.4,59.3000000000029));
#1717=CARTESIAN_POINT('',(3.30000000000291,0.,56.3000000000029));
#1718=CARTESIAN_POINT('',(3.30000000000291,0.,56.3000000000029));
#1719=CARTESIAN_POINT('',(3.3000000000029,0.,3.69999999999781));
#1720=CARTESIAN_POINT('',(3.30000000000291,0.,59.3000000000029));
#1721=CARTESIAN_POINT('',(3.3000000000029,-1.,2.34575131106129));
#1722=CARTESIAN_POINT('Ctrl Pts',(3.3000000000029,-1.,2.34575131106129));
#1723=CARTESIAN_POINT('Ctrl Pts',(3.3000000000029,-0.889873620429768,2.34575131106129));
#1724=CARTESIAN_POINT('Ctrl Pts',(3.3000000000029,-0.762473672731935,2.38086987273208));
#1725=CARTESIAN_POINT('Ctrl Pts',(3.3000000000029,-0.54376211790007,2.49632240313561));
#1726=CARTESIAN_POINT('Ctrl Pts',(3.3000000000029,-0.421445551439664,2.60650384040054));
#1727=CARTESIAN_POINT('Ctrl Pts',(3.3000000000029,-0.234277299259927,2.84109521804748));
#1728=CARTESIAN_POINT('Ctrl Pts',(3.3000000000029,-0.142989618311882,3.01397936084108));
#1729=CARTESIAN_POINT('Ctrl Pts',(3.3000000000029,-0.0345518122073257,3.32881071348695));
#1730=CARTESIAN_POINT('Ctrl Pts',(3.3000000000029,0.,3.52993838970239));
#1731=CARTESIAN_POINT('Ctrl Pts',(3.3000000000029,0.,3.69999999999781));
#1732=CARTESIAN_POINT('',(3.30000000000291,-1.7,2.34575131106129));
#1733=CARTESIAN_POINT('',(3.3000000000029,0.,2.34575131106129));
#1734=CARTESIAN_POINT('',(3.3000000000029,-1.7,-3.30000000000291));
#1735=CARTESIAN_POINT('Origin',(-24.25,3.4,28.));
#1736=CARTESIAN_POINT('',(-4.07750337004994,3.4,-3.30000000000291));
#1737=CARTESIAN_POINT('',(3.3000000000029,3.4,-3.30000000000291));
#1738=CARTESIAN_POINT('',(-5.00166084716208,3.4,-2.70000000000291));
#1739=CARTESIAN_POINT('Ctrl Pts',(-5.00166084716208,3.4,-2.70000000000291));
#1740=CARTESIAN_POINT('Ctrl Pts',(-4.98397382848846,3.4,-2.740175034891));
#1741=CARTESIAN_POINT('Ctrl Pts',(-4.96362169428157,3.40000858404829,-2.77901095643219));
#1742=CARTESIAN_POINT('Ctrl Pts',(-4.94084750860206,3.40001637441605,-2.81632246902792));
#1743=CARTESIAN_POINT('Ctrl Pts',(-4.9176451413353,3.40002431125193,-2.85433548212563));
#1744=CARTESIAN_POINT('Ctrl Pts',(-4.89192817765981,3.40003148361597,-2.89076716157099));
#1745=CARTESIAN_POINT('Ctrl Pts',(-4.86390445764017,3.40003386199432,-2.92540003580891));
#1746=CARTESIAN_POINT('Ctrl Pts',(-4.83808136954182,3.40003605360462,-2.95731327794513));
#1747=CARTESIAN_POINT('Ctrl Pts',(-4.81029861115224,3.40003428548467,-2.98769944730335));
#1748=CARTESIAN_POINT('Ctrl Pts',(-4.78068988662167,3.40002900121929,-3.01636219656503));
#1749=CARTESIAN_POINT('Ctrl Pts',(-4.74849689559312,3.4000232557402,-3.04752664705942));
#1750=CARTESIAN_POINT('Ctrl Pts',(-4.71435354956951,3.40001459109387,-3.07645297704062));
#1751=CARTESIAN_POINT('Ctrl Pts',(-4.67847563289028,3.4000071931362,-3.10293545270793));
#1752=CARTESIAN_POINT('Ctrl Pts',(-4.66256529835251,3.40000391245571,-3.11467930759846));
#1753=CARTESIAN_POINT('Ctrl Pts',(-4.64631329661291,3.40000096262862,-3.12594216642536));
#1754=CARTESIAN_POINT('Ctrl Pts',(-4.62973606417722,3.39999906854327,-3.13670386113671));
#1755=CARTESIAN_POINT('Ctrl Pts',(-4.59236039101197,3.39999479806476,-3.16096759670271));
#1756=CARTESIAN_POINT('Ctrl Pts',(-4.55333296592148,3.39999560116272,-3.18268692236015));
#1757=CARTESIAN_POINT('Ctrl Pts',(-4.51294393715781,3.39999734853033,-3.20178657423259));
#1758=CARTESIAN_POINT('Ctrl Pts',(-4.49352552838044,3.39999818863714,-3.21096938597423));
#1759=CARTESIAN_POINT('Ctrl Pts',(-4.47379201912178,3.39999931348435,-3.21954596043281));
#1760=CARTESIAN_POINT('Ctrl Pts',(-4.45377422794033,3.40000056631962,-3.22750390887161));
#1761=CARTESIAN_POINT('Ctrl Pts',(-4.41215039170834,3.40000317139276,-3.24405120620109));
#1762=CARTESIAN_POINT('Ctrl Pts',(-4.36955359364915,3.40000676855897,-3.25782561180096));
#1763=CARTESIAN_POINT('Ctrl Pts',(-4.32628492232935,3.40000839227621,-3.26878018698559));
#1764=CARTESIAN_POINT('Ctrl Pts',(-4.2832046212797,3.40001000892459,-3.27968707139941));
#1765=CARTESIAN_POINT('Ctrl Pts',(-4.23945717772255,3.40000980897979,-3.28779890105005));
#1766=CARTESIAN_POINT('Ctrl Pts',(-4.19532252993814,3.40000891481786,-3.29302181889428));
#1767=CARTESIAN_POINT('Ctrl Pts',(-4.15628984487306,3.40000812402099,-3.2976409677392));
#1768=CARTESIAN_POINT('Ctrl Pts',(-4.11695357479084,3.40000690754108,-3.30000000000291));
#1769=CARTESIAN_POINT('Ctrl Pts',(-4.07750637662672,3.40000740205054,-3.30000000000291));
#1770=CARTESIAN_POINT('',(-5.92658601679262,3.4,-2.10000000000291));
#1771=CARTESIAN_POINT('Ctrl Pts',(-5.92658601679262,3.4,-2.10000000000291));
#1772=CARTESIAN_POINT('Ctrl Pts',(-5.80163208221437,3.4,-2.10000000000291));
#1773=CARTESIAN_POINT('Ctrl Pts',(-5.6545282856559,3.4,-2.12904982860771));
#1774=CARTESIAN_POINT('Ctrl Pts',(-5.42406436181585,3.4,-2.22400819534281));
#1775=CARTESIAN_POINT('Ctrl Pts',(-5.29977754667794,3.4,-2.30649323844987));
#1776=CARTESIAN_POINT('Ctrl Pts',(-5.12872942409266,3.4,-2.47663397709449));
#1777=CARTESIAN_POINT('Ctrl Pts',(-5.0496363534969,3.4,-2.59102642586122));
#1778=CARTESIAN_POINT('Ctrl Pts',(-5.00166084716208,3.4,-2.70000000000291));
#1779=CARTESIAN_POINT('',(-9.46833906490884,3.4,-2.10000000000291));
#1780=CARTESIAN_POINT('',(-24.25,3.4,-2.10000000000291));
#1781=CARTESIAN_POINT('',(-10.3992943923328,3.4,-2.70000000000291));
#1782=CARTESIAN_POINT('Ctrl Pts',(-10.3992943923328,3.4,-2.70000000000291));
#1783=CARTESIAN_POINT('Ctrl Pts',(-10.3510117968324,3.4,-2.59119921541157));
#1784=CARTESIAN_POINT('Ctrl Pts',(-10.271649567594,3.4,-2.47726823745973));
#1785=CARTESIAN_POINT('Ctrl Pts',(-10.0997816425074,3.4,-2.30711091129819));
#1786=CARTESIAN_POINT('Ctrl Pts',(-9.97456983406847,3.4,-2.22444100288272));
#1787=CARTESIAN_POINT('Ctrl Pts',(-9.74244063666173,3.4,-2.12917259817432));
#1788=CARTESIAN_POINT('Ctrl Pts',(-9.59422325271961,3.4,-2.10000000000291));
#1789=CARTESIAN_POINT('Ctrl Pts',(-9.46833906490884,3.4,-2.10000000000291));
#1790=CARTESIAN_POINT('',(-11.3323147715679,3.39999999996835,-3.30000000000291));
#1791=CARTESIAN_POINT('Ctrl Pts',(-11.3323147715804,3.4,-3.30000000000291));
#1792=CARTESIAN_POINT('Ctrl Pts',(-11.2874513896761,3.4,-3.30000000000291));
#1793=CARTESIAN_POINT('Ctrl Pts',(-11.2427295897109,3.40000037603924,-3.29701362970621));
#1794=CARTESIAN_POINT('Ctrl Pts',(-11.1984237217514,3.39999991653863,-3.29117458004325));
#1795=CARTESIAN_POINT('Ctrl Pts',(-11.1537327596328,3.39999945304416,-3.28528477900078));
#1796=CARTESIAN_POINT('Ctrl Pts',(-11.109463906497,3.39999836237004,-3.27649222400604));
#1797=CARTESIAN_POINT('Ctrl Pts',(-11.0659035760956,3.39999829241555,-3.26488183287272));
#1798=CARTESIAN_POINT('Ctrl Pts',(-11.0226369183233,3.39999822293268,-3.25334971603298));
#1799=CARTESIAN_POINT('Ctrl Pts',(-10.9800682026723,3.39999938437108,-3.23903726972401));
#1800=CARTESIAN_POINT('Ctrl Pts',(-10.938498857718,3.40000288255343,-3.22198124685546));
#1801=CARTESIAN_POINT('Ctrl Pts',(-10.8969061795038,3.40000638269934,-3.20491565028268));
#1802=CARTESIAN_POINT('Ctrl Pts',(-10.8565679130708,3.40001085332426,-3.18520765052789));
#1803=CARTESIAN_POINT('Ctrl Pts',(-10.8177642453656,3.40001040779236,-3.16294485298476));
#1804=CARTESIAN_POINT('Ctrl Pts',(-10.8031126648182,3.40001023956737,-3.15453881328017));
#1805=CARTESIAN_POINT('Ctrl Pts',(-10.7886800599025,3.40000935210602,-3.14576804807155));
#1806=CARTESIAN_POINT('Ctrl Pts',(-10.7744823909663,3.40000732172601,-3.13663554150054));
#1807=CARTESIAN_POINT('Ctrl Pts',(-10.7368774716028,3.4000019439223,-3.11244655845446));
#1808=CARTESIAN_POINT('Ctrl Pts',(-10.7009180788,3.39998901622624,-3.08572232955957));
#1809=CARTESIAN_POINT('Ctrl Pts',(-10.6668063976794,3.39997926849632,-3.05667404255131));
#1810=CARTESIAN_POINT('Ctrl Pts',(-10.6467303688681,3.3999735315845,-3.03957801480549));
#1811=CARTESIAN_POINT('Ctrl Pts',(-10.6272949964583,3.39996878534888,-3.02167625987925));
#1812=CARTESIAN_POINT('Ctrl Pts',(-10.6085482608126,3.39996601238883,-3.00300688430521));
#1813=CARTESIAN_POINT('Ctrl Pts',(-10.5768231726017,3.39996131971038,-2.97141271249176));
#1814=CARTESIAN_POINT('Ctrl Pts',(-10.5472725709004,3.39996177646811,-2.93782587496725));
#1815=CARTESIAN_POINT('Ctrl Pts',(-10.5200778120104,3.3999690857117,-2.90248253942858));
#1816=CARTESIAN_POINT('Ctrl Pts',(-10.4933713663063,3.39997626370941,-2.8677738341453));
#1817=CARTESIAN_POINT('Ctrl Pts',(-10.4689363294581,3.39999017957101,-2.83137021774146));
#1818=CARTESIAN_POINT('Ctrl Pts',(-10.446983109397,3.40000385861793,-2.79346638764283));
#1819=CARTESIAN_POINT('Ctrl Pts',(-10.4294739917834,3.40001476854552,-2.76323562343797));
#1820=CARTESIAN_POINT('Ctrl Pts',(-10.4135441793051,3.4000253964744,-2.7320498531859));
#1821=CARTESIAN_POINT('Ctrl Pts',(-10.3993224339753,3.40002730881198,-2.70000000000291));
#1822=CARTESIAN_POINT('',(-37.1676852284321,3.39999999996835,-3.30000000000291));
#1823=CARTESIAN_POINT('',(3.3000000000029,3.4,-3.30000000000291));
#1824=CARTESIAN_POINT('',(-38.1007056076673,3.4,-2.70000000000291));
#1825=CARTESIAN_POINT('Ctrl Pts',(-38.1006751661044,3.4000272088804,-2.70000000000291));
#1826=CARTESIAN_POINT('Ctrl Pts',(-38.0829534309384,3.40002482956599,-2.73993753257976));
#1827=CARTESIAN_POINT('Ctrl Pts',(-38.0625834194975,3.40000912018862,-2.77852825435354));
#1828=CARTESIAN_POINT('Ctrl Pts',(-38.0398113129963,3.39999543728182,-2.81559608467003));
#1829=CARTESIAN_POINT('Ctrl Pts',(-38.0164746119872,3.3999814151313,-2.85358294693552));
#1830=CARTESIAN_POINT('Ctrl Pts',(-37.9906146704019,3.39996939447614,-2.8899713980384));
#1831=CARTESIAN_POINT('Ctrl Pts',(-37.9624463527072,3.39996480865352,-2.92455230192793));
#1832=CARTESIAN_POINT('Ctrl Pts',(-37.9366755327293,3.39996061314527,-2.95618991190057));
#1833=CARTESIAN_POINT('Ctrl Pts',(-37.9089715603776,3.3999624206399,-2.98631485798703));
#1834=CARTESIAN_POINT('Ctrl Pts',(-37.8794699664988,3.39996797186812,-3.01474297669379));
#1835=CARTESIAN_POINT('Ctrl Pts',(-37.8470980846399,3.39997406318999,-3.04593694214626));
#1836=CARTESIAN_POINT('Ctrl Pts',(-37.8127749456496,3.39998585169342,-3.07488300898954));
#1837=CARTESIAN_POINT('Ctrl Pts',(-37.7767245372897,3.39999595566701,-3.10138757777272));
#1838=CARTESIAN_POINT('Ctrl Pts',(-37.7600202618421,3.4000006374325,-3.11366870405443));
#1839=CARTESIAN_POINT('Ctrl Pts',(-37.7429445177125,3.40000484650646,-3.12542524614717));
#1840=CARTESIAN_POINT('Ctrl Pts',(-37.7255167094716,3.4000073467898,-3.13663554150054));
#1841=CARTESIAN_POINT('Ctrl Pts',(-37.6879117960174,3.4000127417848,-3.16082459503691));
#1842=CARTESIAN_POINT('Ctrl Pts',(-37.648669372538,3.40001037788678,-3.18247347791231));
#1843=CARTESIAN_POINT('Ctrl Pts',(-37.6080797935593,3.40000698379633,-3.20151609998638));
#1844=CARTESIAN_POINT('Ctrl Pts',(-37.5891193293793,3.40000539832706,-3.21041141161106));
#1845=CARTESIAN_POINT('Ctrl Pts',(-37.569864525781,3.40000353858439,-3.21873736967897));
#1846=CARTESIAN_POINT('Ctrl Pts',(-37.5503434701114,3.40000193697508,-3.22648366457993));
#1847=CARTESIAN_POINT('Ctrl Pts',(-37.508425535526,3.39999849780891,-3.24311743113608));
#1848=CARTESIAN_POINT('Ctrl Pts',(-37.4655318240113,3.39999758694347,-3.25698202384271));
#1849=CARTESIAN_POINT('Ctrl Pts',(-37.4219654433332,3.39999784013313,-3.26803755285229));
#1850=CARTESIAN_POINT('Ctrl Pts',(-37.3784290367395,3.3999980931486,-3.27908547555274));
#1851=CARTESIAN_POINT('Ctrl Pts',(-37.3342197961854,3.39999928311768,-3.28732850341374));
#1852=CARTESIAN_POINT('Ctrl Pts',(-37.2896203278812,3.39999978320275,-3.29267963353006));
#1853=CARTESIAN_POINT('Ctrl Pts',(-37.2492271970215,3.40000023612298,-3.29752607917739));
#1854=CARTESIAN_POINT('Ctrl Pts',(-37.2085131632875,3.40000000000002,-3.30000000000291));
#1855=CARTESIAN_POINT('Ctrl Pts',(-37.1676852284196,3.40000000000002,-3.30000000000291));
#1856=CARTESIAN_POINT('',(-39.0316609350912,3.4,-2.10000000000291));
#1857=CARTESIAN_POINT('Ctrl Pts',(-39.0316609350912,3.4,-2.10000000000291));
#1858=CARTESIAN_POINT('Ctrl Pts',(-38.9057767472804,3.4,-2.10000000000291));
#1859=CARTESIAN_POINT('Ctrl Pts',(-38.7575593633383,3.4,-2.12917259817432));
#1860=CARTESIAN_POINT('Ctrl Pts',(-38.5254301659315,3.4,-2.22444100288272));
#1861=CARTESIAN_POINT('Ctrl Pts',(-38.4002183574927,3.4,-2.30711091129819));
#1862=CARTESIAN_POINT('Ctrl Pts',(-38.228350432406,3.4,-2.47726823745973));
#1863=CARTESIAN_POINT('Ctrl Pts',(-38.1489882031676,3.4,-2.59119921541156));
#1864=CARTESIAN_POINT('Ctrl Pts',(-38.1007056076673,3.4,-2.70000000000291));
#1865=CARTESIAN_POINT('',(-42.5734139832074,3.4,-2.10000000000291));
#1866=CARTESIAN_POINT('',(-24.25,3.4,-2.10000000000291));
#1867=CARTESIAN_POINT('',(-43.4983391528379,3.4,-2.70000000000291));
#1868=CARTESIAN_POINT('Ctrl Pts',(-43.4983391528379,3.4,-2.70000000000291));
#1869=CARTESIAN_POINT('Ctrl Pts',(-43.4503636465031,3.4,-2.59102642586122));
#1870=CARTESIAN_POINT('Ctrl Pts',(-43.3712705759073,3.4,-2.47663397709449));
#1871=CARTESIAN_POINT('Ctrl Pts',(-43.2002224533221,3.4,-2.30649323844987));
#1872=CARTESIAN_POINT('Ctrl Pts',(-43.0759356381842,3.4,-2.22400819534281));
#1873=CARTESIAN_POINT('Ctrl Pts',(-42.8454717143441,3.4,-2.12904982860771));
#1874=CARTESIAN_POINT('Ctrl Pts',(-42.6983679177856,3.4,-2.10000000000291));
#1875=CARTESIAN_POINT('Ctrl Pts',(-42.5734139832074,3.4,-2.10000000000291));
#1876=CARTESIAN_POINT('',(-44.4224966299501,3.4,-3.30000000000291));
#1877=CARTESIAN_POINT('Ctrl Pts',(-44.4224936233733,3.40000740205054,-3.30000000000291));
#1878=CARTESIAN_POINT('Ctrl Pts',(-44.3781348284924,3.40000684596938,-3.30000000000291));
#1879=CARTESIAN_POINT('Ctrl Pts',(-44.3339222437897,3.40000880715717,-3.2970141213337));
#1880=CARTESIAN_POINT('Ctrl Pts',(-44.2901283455298,3.40001013191615,-3.29118315761615));
#1881=CARTESIAN_POINT('Ctrl Pts',(-44.2457809805499,3.40001147341742,-3.28527850225454));
#1882=CARTESIAN_POINT('Ctrl Pts',(-44.201861853031,3.40001202201378,-3.2764561523455));
#1883=CARTESIAN_POINT('Ctrl Pts',(-44.1586564396328,3.40001075701383,-3.26480927241731));
#1884=CARTESIAN_POINT('Ctrl Pts',(-44.1173272975322,3.40000954694874,-3.25366817879681));
#1885=CARTESIAN_POINT('Ctrl Pts',(-44.076650387995,3.40000658515208,-3.23994195857368));
#1886=CARTESIAN_POINT('Ctrl Pts',(-44.036891873768,3.40000467586793,-3.22367076624828));
#1887=CARTESIAN_POINT('Ctrl Pts',(-43.9954243505753,3.40000268451373,-3.20670016112777));
#1888=CARTESIAN_POINT('Ctrl Pts',(-43.9552142611968,3.40000104753569,-3.18706707698275));
#1889=CARTESIAN_POINT('Ctrl Pts',(-43.9165415923248,3.40000213654103,-3.16487101343859));
#1890=CARTESIAN_POINT('Ctrl Pts',(-43.9008722869121,3.40000257778178,-3.15587766209308));
#1891=CARTESIAN_POINT('Ctrl Pts',(-43.8854555538691,3.40000350566771,-3.14646298209615));
#1892=CARTESIAN_POINT('Ctrl Pts',(-43.8703109925569,3.40000526767682,-3.13663135898351));
#1893=CARTESIAN_POINT('Ctrl Pts',(-43.8329295564241,3.40000961685735,-3.11236388870891));
#1894=CARTESIAN_POINT('Ctrl Pts',(-43.7972038191958,3.40001866850367,-3.08555878211273));
#1895=CARTESIAN_POINT('Ctrl Pts',(-43.7633312195859,3.40002562816761,-3.05643748413644));
#1896=CARTESIAN_POINT('Ctrl Pts',(-43.7452028160078,3.40002935293625,-3.04085194749289));
#1897=CARTESIAN_POINT('Ctrl Pts',(-43.7276057935893,3.4000325685669,-3.02460230827212));
#1898=CARTESIAN_POINT('Ctrl Pts',(-43.7105751511054,3.40003493482323,-3.00771866219989));
#1899=CARTESIAN_POINT('Ctrl Pts',(-43.6788536431798,3.40003934224467,-2.9762709518037));
#1900=CARTESIAN_POINT('Ctrl Pts',(-43.6492962765846,3.40003918322808,-2.94282539344682));
#1901=CARTESIAN_POINT('Ctrl Pts',(-43.6220778182826,3.40003467210589,-2.90762662680673));
#1902=CARTESIAN_POINT('Ctrl Pts',(-43.5951848844087,3.40003021493533,-2.87284882663905));
#1903=CARTESIAN_POINT('Ctrl Pts',(-43.5705746017666,3.40002144242883,-2.83635857751018));
#1904=CARTESIAN_POINT('Ctrl Pts',(-43.5484535294993,3.40001324493567,-2.79836005387167));
#1905=CARTESIAN_POINT('Ctrl Pts',(-43.5299596243712,3.40000639157618,-2.76659210507209));
#1906=CARTESIAN_POINT('Ctrl Pts',(-43.5132059901055,3.4,-2.73376915674551));
#1907=CARTESIAN_POINT('Ctrl Pts',(-43.4983391528379,3.4,-2.70000000000291));
#1908=CARTESIAN_POINT('',(-48.8000000000029,3.4,-3.30000000000291));
#1909=CARTESIAN_POINT('',(3.3000000000029,3.4,-3.30000000000291));
#1910=CARTESIAN_POINT('',(-51.8000000000029,3.4,-0.30000000000291));
#1911=CARTESIAN_POINT('Origin',(-48.8000000000029,3.4,-0.300000000002909));
#1912=CARTESIAN_POINT('',(-51.8000000000029,3.4,56.3000000000029));
#1913=CARTESIAN_POINT('',(-51.8000000000029,3.4,-3.30000000000291));
#1914=CARTESIAN_POINT('',(-48.8000000000029,3.4,59.3000000000029));
#1915=CARTESIAN_POINT('Origin',(-48.8000000000029,3.4,56.3000000000029));
#1916=CARTESIAN_POINT('',(0.300000000002907,3.4,59.3000000000029));
#1917=CARTESIAN_POINT('',(-51.8000000000029,3.4,59.3000000000029));
#1918=CARTESIAN_POINT('Origin',(0.300000000002907,3.4,56.3000000000029));
#1919=CARTESIAN_POINT('',(-42.4754446796632,3.4,-0.300000000000011));
#1920=CARTESIAN_POINT('',(-6.02455532033676,3.4,-0.300000000000011));
#1921=CARTESIAN_POINT('',(-48.8,3.4,-0.300000000000011));
#1922=CARTESIAN_POINT('',(-3.314031611621,3.4,1.41428571428571));
#1923=CARTESIAN_POINT('Origin',(-6.02455532033676,3.4,2.69999999999999));
#1924=CARTESIAN_POINT('',(-1.41428571428571,3.4,3.31403161162099));
#1925=CARTESIAN_POINT('Origin',(0.299999999999999,3.4,-0.300000000000011));
#1926=CARTESIAN_POINT('',(0.3,3.4,6.02455532033675));
#1927=CARTESIAN_POINT('Origin',(-2.7,3.4,6.02455532033675));
#1928=CARTESIAN_POINT('',(0.300000000000005,3.4,49.9754446796632));
#1929=CARTESIAN_POINT('',(0.299999999999999,3.4,-0.300000000000011));
#1930=CARTESIAN_POINT('',(-1.41428571428571,3.4,52.685968388379));
#1931=CARTESIAN_POINT('Origin',(-2.7,3.4,49.9754446796632));
#1932=CARTESIAN_POINT('',(-3.314031611621,3.4,54.5857142857143));
#1933=CARTESIAN_POINT('Origin',(0.300000000000006,3.4,56.3));
#1934=CARTESIAN_POINT('',(-6.02455532033675,3.4,56.3));
#1935=CARTESIAN_POINT('Origin',(-6.02455532033675,3.4,53.3));
#1936=CARTESIAN_POINT('',(-42.4754446796632,3.4,56.3));
#1937=CARTESIAN_POINT('',(0.300000000000006,3.4,56.3));
#1938=CARTESIAN_POINT('',(-45.185968388379,3.4,54.5857142857143));
#1939=CARTESIAN_POINT('Origin',(-42.4754446796632,3.4,53.3));
#1940=CARTESIAN_POINT('',(-47.0857142857143,3.4,52.685968388379));
#1941=CARTESIAN_POINT('Origin',(-48.8,3.4,56.3));
#1942=CARTESIAN_POINT('',(-48.8,3.4,49.9754446796632));
#1943=CARTESIAN_POINT('Origin',(-45.8,3.4,49.9754446796632));
#1944=CARTESIAN_POINT('',(-48.8,3.4,6.02455532033675));
#1945=CARTESIAN_POINT('',(-48.8,3.4,56.3));
#1946=CARTESIAN_POINT('',(-47.0857142857143,3.4,3.31403161162099));
#1947=CARTESIAN_POINT('Origin',(-45.8,3.4,6.02455532033675));
#1948=CARTESIAN_POINT('',(-45.185968388379,3.4,1.4142857142857));
#1949=CARTESIAN_POINT('Origin',(-48.8,3.4,-0.300000000000011));
#1950=CARTESIAN_POINT('Origin',(-42.4754446796632,3.4,2.69999999999999));
#1951=CARTESIAN_POINT('Origin',(-48.8000000000029,0.,-0.300000000002909));
#1952=CARTESIAN_POINT('',(-48.8000000000029,-1.7,-3.30000000000291));
#1953=CARTESIAN_POINT('',(-48.8000000000029,0.,-3.30000000000291));
#1954=CARTESIAN_POINT('',(-51.8000000000029,-1.7,-0.300000000002907));
#1955=CARTESIAN_POINT('Origin',(-48.8000000000029,-1.7,-0.300000000002909));
#1956=CARTESIAN_POINT('',(-51.8000000000029,0.,-0.30000000000291));
#1957=CARTESIAN_POINT('Origin',(3.3000000000029,0.,-3.30000000000291));
#1958=CARTESIAN_POINT('',(-44.4224966299501,-1.7,-3.30000000000291));
#1959=CARTESIAN_POINT('Ctrl Pts',(-44.4224911600445,-1.70001376112338,-3.30000000000291));
#1960=CARTESIAN_POINT('Ctrl Pts',(-44.6361717163671,-0.00904915211854445,
-3.30000000000291));
#1961=CARTESIAN_POINT('Ctrl Pts',(-44.6362011523145,1.70896898183138,-3.30000000000291));
#1962=CARTESIAN_POINT('Ctrl Pts',(-44.4224936233733,3.40000740205054,-3.30000000000291));
#1963=CARTESIAN_POINT('',(-51.8000000000029,-1.7,-3.30000000000291));
#1964=CARTESIAN_POINT('Origin',(0.300000000002907,0.,56.3000000000029));
#1965=CARTESIAN_POINT('',(0.300000000002907,0.,59.3000000000029));
#1966=CARTESIAN_POINT('',(0.300000000002907,0.,59.3000000000029));
#1967=CARTESIAN_POINT('Origin',(0.300000000002907,0.,56.3000000000029));
#1968=CARTESIAN_POINT('Origin',(-24.25,0.,28.));
#1969=CARTESIAN_POINT('',(-4.69999999999999,0.,59.3000000000029));
#1970=CARTESIAN_POINT('',(-51.8000000000029,0.,59.3000000000029));
#1971=CARTESIAN_POINT('',(-5.70000000000217,0.,56.3));
#1972=CARTESIAN_POINT('Origin',(-9.69999999999999,0.,59.3000000000029));
#1973=CARTESIAN_POINT('',(0.300000000000006,0.,56.3));
#1974=CARTESIAN_POINT('',(0.300000000000006,0.,56.3));
#1975=CARTESIAN_POINT('',(0.3,0.,4.69999999999999));
#1976=CARTESIAN_POINT('',(0.299999999999999,0.,-0.300000000000007));
#1977=CARTESIAN_POINT('Origin',(0.299999999999999,0.,-0.300000000000011));
#1978=CARTESIAN_POINT('Origin',(-51.8000000000029,0.,59.3000000000029));
#1979=CARTESIAN_POINT('',(-48.8000000000029,0.,59.3000000000029));
#1980=CARTESIAN_POINT('',(-48.8000000000029,0.,59.3000000000029));
#1981=CARTESIAN_POINT('',(-14.7,0.,59.3000000000029));
#1982=CARTESIAN_POINT('',(-51.8000000000029,0.,59.3000000000029));
#1983=CARTESIAN_POINT('',(-13.7,-1.,59.3000000000029));
#1984=CARTESIAN_POINT('Origin',(-14.7,-1.,59.3000000000029));
#1985=CARTESIAN_POINT('',(-13.7,-1.7,59.3000000000029));
#1986=CARTESIAN_POINT('',(-13.7,0.,59.3000000000029));
#1987=CARTESIAN_POINT('',(-5.69999999999999,-1.7,59.3000000000029));
#1988=CARTESIAN_POINT('',(-5.69999999999999,-1.7,59.3000000000029));
#1989=CARTESIAN_POINT('',(-5.69999999999999,-1.,59.3000000000029));
#1990=CARTESIAN_POINT('',(-5.69999999999999,0.,59.3000000000029));
#1991=CARTESIAN_POINT('Origin',(-4.69999999999999,-1.,59.3000000000029));
#1992=CARTESIAN_POINT('Origin',(-48.8000000000029,0.,56.3000000000029));
#1993=CARTESIAN_POINT('',(-51.8000000000029,0.,56.3000000000029));
#1994=CARTESIAN_POINT('',(-51.8000000000029,0.,56.3000000000029));
#1995=CARTESIAN_POINT('Origin',(-48.8000000000029,0.,56.3000000000029));
#1996=CARTESIAN_POINT('Origin',(-24.25,0.,28.));
#1997=CARTESIAN_POINT('',(-51.8000000000029,0.,3.69999999999781));
#1998=CARTESIAN_POINT('',(-51.8000000000029,0.,-3.30000000000291));
#1999=CARTESIAN_POINT('',(-48.8,0.,4.69999999999999));
#2000=CARTESIAN_POINT('Origin',(-48.8,0.,-0.300000000000011));
#2001=CARTESIAN_POINT('',(-48.8,0.,56.3));
#2002=CARTESIAN_POINT('',(-48.8,0.,56.3));
#2003=CARTESIAN_POINT('',(-13.6999999999978,0.,56.3));
#2004=CARTESIAN_POINT('',(0.300000000000006,0.,56.3));
#2005=CARTESIAN_POINT('Origin',(-9.69999999999999,0.,59.3000000000029));
#2006=CARTESIAN_POINT('Origin',(-6.02455532033676,0.,2.69999999999999));
#2007=CARTESIAN_POINT('',(-4.51557576213586,-1.7,0.107128870743506));
#2008=CARTESIAN_POINT('',(-3.314031611621,-1.7,1.41428571428571));
#2009=CARTESIAN_POINT('Origin',(-6.02455532033676,-1.7,2.69999999999999));
#2010=CARTESIAN_POINT('',(-3.314031611621,0.,1.41428571428571));
#2011=CARTESIAN_POINT('',(-3.314031611621,0.,1.41428571428571));
#2012=CARTESIAN_POINT('',(-6.02455532033676,0.,-0.300000000000007));
#2013=CARTESIAN_POINT('Origin',(-6.02455532033676,0.,2.69999999999999));
#2014=CARTESIAN_POINT('',(-6.02455532033676,-2.10712887074351,-0.300000000000007));
#2015=CARTESIAN_POINT('',(-6.02455532033676,0.,-0.300000000000007));
#2016=CARTESIAN_POINT('Ctrl Pts',(-6.02455532033547,-2.10712887074277,-0.300000000000006));
#2017=CARTESIAN_POINT('Ctrl Pts',(-6.00438884268382,-2.09539253637818,-0.299999999999998));
#2018=CARTESIAN_POINT('Ctrl Pts',(-5.98429155839446,-2.08401178260597,-0.299796337106903));
#2019=CARTESIAN_POINT('Ctrl Pts',(-5.74456535867384,-1.95180773889852,-0.294981617071836));
#2020=CARTESIAN_POINT('Ctrl Pts',(-5.49200019337544,-1.85149316674432,-0.263867103904207));
#2021=CARTESIAN_POINT('Ctrl Pts',(-4.98815461974221,-1.72610273624269,-0.127365719180936));
#2022=CARTESIAN_POINT('Ctrl Pts',(-4.73721816027165,-1.70032883406893,-0.0213523369368802));
#2023=CARTESIAN_POINT('Ctrl Pts',(-4.51857267213597,-1.70000112212671,0.105386489747063));
#2024=CARTESIAN_POINT('Ctrl Pts',(-4.51707384520463,-1.7,0.106257027672802));
#2025=CARTESIAN_POINT('Ctrl Pts',(-4.51557576213586,-1.7,0.107128870743506));
#2026=CARTESIAN_POINT('Origin',(-48.8,0.,-0.300000000000007));
#2027=CARTESIAN_POINT('',(0.299999999999999,0.,-0.300000000000007));
#2028=CARTESIAN_POINT('',(-48.8,0.,-0.300000000000007));
#2029=CARTESIAN_POINT('',(0.299999999999999,1.7,-0.300000000000011));
#2030=CARTESIAN_POINT('',(0.299999999999999,0.,-0.300000000000007));
#2031=CARTESIAN_POINT('',(-6.02455532033676,1.7,-0.300000000000007));
#2032=CARTESIAN_POINT('',(-48.8,1.7,-0.300000000000007));
#2033=CARTESIAN_POINT('',(-6.02455532033676,1.7,-0.300000000000007));
#2034=CARTESIAN_POINT('',(-42.4754446796632,1.7,-0.300000000000007));
#2035=CARTESIAN_POINT('',(-42.4754446796632,1.7,-0.300000000000007));
#2036=CARTESIAN_POINT('',(-48.8,1.7,-0.300000000000011));
#2037=CARTESIAN_POINT('',(-48.8,1.7,-0.300000000000007));
#2038=CARTESIAN_POINT('',(-48.8,0.,-0.300000000000007));
#2039=CARTESIAN_POINT('',(-48.8,0.,-0.300000000000007));
#2040=CARTESIAN_POINT('',(-42.4754446796632,0.,-0.300000000000007));
#2041=CARTESIAN_POINT('',(-48.8,0.,-0.300000000000007));
#2042=CARTESIAN_POINT('',(-42.4754446796632,-2.10712887074352,-0.300000000000007));
#2043=CARTESIAN_POINT('',(-42.4754446796632,0.,-0.300000000000007));
#2044=CARTESIAN_POINT('',(-41.0964597152499,-3.88780487804878,-0.30000000000291));
#2045=CARTESIAN_POINT('Origin',(-43.9844242378641,-4.7,-0.300000000000007));
#2046=CARTESIAN_POINT('',(-7.40354028475012,-3.88780487804878,-0.30000000000291));
#2047=CARTESIAN_POINT('Origin',(-24.25,0.849999999999997,-0.30000000000291));
#2048=CARTESIAN_POINT('Origin',(-4.51557576213586,-4.7,-0.300000000000007));
#2049=CARTESIAN_POINT('',(-32.5675144212722,-5.86751442127221,-0.30000000000291));
#2050=CARTESIAN_POINT('Origin',(-30.9675144212722,-5.86751442127221,-0.30000000000291));
#2051=CARTESIAN_POINT('',(-20.1931457505076,-4.80685424949239,-0.30000000000291));
#2052=CARTESIAN_POINT('Origin',(-18.5931457505076,-4.80685424949239,-0.30000000000291));
#2053=CARTESIAN_POINT('Origin',(-42.4754446796632,0.,2.69999999999999));
#2054=CARTESIAN_POINT('',(-43.9844242378641,-1.7,0.107128870743516));
#2055=CARTESIAN_POINT('Ctrl Pts',(-43.9844242378641,-1.7,0.107128870743515));
#2056=CARTESIAN_POINT('Ctrl Pts',(-43.9829261547954,-1.7,0.106257027672807));
#2057=CARTESIAN_POINT('Ctrl Pts',(-43.981427327864,-1.70000112212671,0.105386489747071));
#2058=CARTESIAN_POINT('Ctrl Pts',(-43.7627818397283,-1.70032883406893,-0.0213523369368738));
#2059=CARTESIAN_POINT('Ctrl Pts',(-43.5118453802578,-1.72610273624269,-0.127365719180932));
#2060=CARTESIAN_POINT('Ctrl Pts',(-43.0079998066246,-1.85149316674432,-0.263867103904204));
#2061=CARTESIAN_POINT('Ctrl Pts',(-42.7554346413262,-1.95180773889852,-0.294981617071834));
#2062=CARTESIAN_POINT('Ctrl Pts',(-42.5157084416051,-2.08401178260621,-0.299796337106912));
#2063=CARTESIAN_POINT('Ctrl Pts',(-42.4956111573153,-2.09539253637867,-0.300000000000007));
#2064=CARTESIAN_POINT('Ctrl Pts',(-42.4754446796632,-2.10712887074353,-0.300000000000007));
#2065=CARTESIAN_POINT('',(-45.185968388379,0.,1.4142857142857));
#2066=CARTESIAN_POINT('Origin',(-42.4754446796632,0.,2.69999999999999));
#2067=CARTESIAN_POINT('',(-45.185968388379,-1.7,1.4142857142857));
#2068=CARTESIAN_POINT('',(-45.185968388379,0.,1.4142857142857));
#2069=CARTESIAN_POINT('Origin',(-42.4754446796632,-1.7,2.69999999999999));
#2070=CARTESIAN_POINT('Origin',(-48.8,0.,-0.300000000000011));
#2071=CARTESIAN_POINT('',(-48.8,0.,3.69999999999999));
#2072=CARTESIAN_POINT('Origin',(-48.8,0.,-0.300000000000011));
#2073=CARTESIAN_POINT('',(-48.8,-1.,3.69999999999999));
#2074=CARTESIAN_POINT('',(-48.8,0.,3.69999999999999));
#2075=CARTESIAN_POINT('',(-51.8000000000029,-1.,2.3457513110613));
#2076=CARTESIAN_POINT('Origin',(-48.8,-1.,-0.300000000000011));
#2077=CARTESIAN_POINT('',(-51.8000000000029,-1.7,2.3457513110613));
#2078=CARTESIAN_POINT('',(-51.8000000000029,0.,2.3457513110613));
#2079=CARTESIAN_POINT('Origin',(-48.8,-1.7,-0.300000000000011));
#2080=CARTESIAN_POINT('Origin',(-2.7,1.7,6.02455532033675));
#2081=CARTESIAN_POINT('',(-1.41428571428571,1.7,3.31403161162099));
#2082=CARTESIAN_POINT('',(0.3,1.7,6.02455532033675));
#2083=CARTESIAN_POINT('Origin',(-2.7,1.7,6.02455532033675));
#2084=CARTESIAN_POINT('',(0.3,1.7,6.02455532033675));
#2085=CARTESIAN_POINT('',(-1.41428571428571,1.7,3.31403161162099));
#2086=CARTESIAN_POINT('Origin',(0.299999999999999,0.,-0.300000000000007));
#2087=CARTESIAN_POINT('',(0.299999999999999,1.7,-0.300000000000007));
#2088=CARTESIAN_POINT('',(0.299999999999999,0.,3.69999999999999));
#2089=CARTESIAN_POINT('',(0.299999999999999,0.,-0.300000000000007));
#2090=CARTESIAN_POINT('',(0.299999999999999,-1.,3.69999999999999));
#2091=CARTESIAN_POINT('',(0.299999999999999,0.,3.69999999999999));
#2092=CARTESIAN_POINT('Origin',(0.3,-1.,4.69999999999999));
#2093=CARTESIAN_POINT('',(0.300000000000006,1.7,56.3));
#2094=CARTESIAN_POINT('',(0.300000000000006,0.,56.3));
#2095=CARTESIAN_POINT('',(0.300000000000005,1.7,49.9754446796632));
#2096=CARTESIAN_POINT('',(0.299999999999999,1.7,-0.300000000000007));
#2097=CARTESIAN_POINT('',(0.300000000000005,1.7,49.9754446796632));
#2098=CARTESIAN_POINT('Origin',(-6.02455532033676,1.7,2.69999999999999));
#2099=CARTESIAN_POINT('',(-3.314031611621,1.7,1.41428571428571));
#2100=CARTESIAN_POINT('Origin',(-6.02455532033676,1.7,2.69999999999999));
#2101=CARTESIAN_POINT('',(-3.314031611621,1.7,1.41428571428571));
#2102=CARTESIAN_POINT('Origin',(0.299999999999999,1.7,-0.300000000000011));
#2103=CARTESIAN_POINT('Origin',(0.299999999999999,1.7,-0.300000000000011));
#2104=CARTESIAN_POINT('Origin',(-2.7,1.7,49.9754446796632));
#2105=CARTESIAN_POINT('',(-1.41428571428571,1.7,52.685968388379));
#2106=CARTESIAN_POINT('Origin',(-2.7,1.7,49.9754446796632));
#2107=CARTESIAN_POINT('',(-1.41428571428571,1.7,52.685968388379));
#2108=CARTESIAN_POINT('Origin',(0.300000000000006,1.7,56.3));
#2109=CARTESIAN_POINT('',(-3.314031611621,1.7,54.5857142857143));
#2110=CARTESIAN_POINT('Origin',(0.300000000000006,1.7,56.3));
#2111=CARTESIAN_POINT('',(-3.314031611621,1.7,54.5857142857143));
#2112=CARTESIAN_POINT('Origin',(-6.02455532033675,1.7,53.3));
#2113=CARTESIAN_POINT('',(-6.02455532033675,1.7,56.3));
#2114=CARTESIAN_POINT('Origin',(-6.02455532033675,1.7,53.3));
#2115=CARTESIAN_POINT('',(-6.02455532033675,1.7,56.3));
#2116=CARTESIAN_POINT('Origin',(0.300000000000006,0.,56.3));
#2117=CARTESIAN_POINT('',(0.300000000000006,1.7,56.3));
#2118=CARTESIAN_POINT('',(-7.05424868893869,-1.,56.3));
#2119=CARTESIAN_POINT('Ctrl Pts',(-7.05424868893869,-1.,56.3));
#2120=CARTESIAN_POINT('Ctrl Pts',(-7.05424868893869,-0.889873620429768,
56.3));
#2121=CARTESIAN_POINT('Ctrl Pts',(-7.01913012726791,-0.762473672731934,
56.3));
#2122=CARTESIAN_POINT('Ctrl Pts',(-6.90367759686437,-0.543762117900069,
56.3));
#2123=CARTESIAN_POINT('Ctrl Pts',(-6.79349615959944,-0.421445551439664,
56.3));
#2124=CARTESIAN_POINT('Ctrl Pts',(-6.5589047819525,-0.234277299259927,56.3));
#2125=CARTESIAN_POINT('Ctrl Pts',(-6.3860206391589,-0.142989618311882,56.3));
#2126=CARTESIAN_POINT('Ctrl Pts',(-6.07118928651303,-0.0345518122073261,
56.3));
#2127=CARTESIAN_POINT('Ctrl Pts',(-5.87006161029759,0.,56.3));
#2128=CARTESIAN_POINT('Ctrl Pts',(-5.70000000000217,0.,56.3));
#2129=CARTESIAN_POINT('',(-7.05424868893869,0.,56.3));
#2130=CARTESIAN_POINT('',(-7.05424868893869,0.,56.3));
#2131=CARTESIAN_POINT('',(-12.3457513110613,0.,56.3));
#2132=CARTESIAN_POINT('',(0.300000000000006,0.,56.3));
#2133=CARTESIAN_POINT('',(-12.3457513110613,-1.,56.3));
#2134=CARTESIAN_POINT('',(-12.3457513110613,0.,56.3));
#2135=CARTESIAN_POINT('Ctrl Pts',(-13.6999999999978,-1.54074395550979E-32,
56.3));
#2136=CARTESIAN_POINT('Ctrl Pts',(-13.5299383897024,-1.1092371027095E-16,
56.3));
#2137=CARTESIAN_POINT('Ctrl Pts',(-13.328810713487,-0.0345518122073262,
56.3));
#2138=CARTESIAN_POINT('Ctrl Pts',(-13.0139793608411,-0.142989618311882,
56.3));
#2139=CARTESIAN_POINT('Ctrl Pts',(-12.8410952180475,-0.234277299259927,
56.3));
#2140=CARTESIAN_POINT('Ctrl Pts',(-12.6065038404005,-0.421445551439664,
56.3));
#2141=CARTESIAN_POINT('Ctrl Pts',(-12.4963224031356,-0.543762117900069,
56.3));
#2142=CARTESIAN_POINT('Ctrl Pts',(-12.3808698727321,-0.762473672731934,
56.3));
#2143=CARTESIAN_POINT('Ctrl Pts',(-12.3457513110613,-0.889873620429768,
56.3));
#2144=CARTESIAN_POINT('Ctrl Pts',(-12.3457513110613,-1.,56.3));
#2145=CARTESIAN_POINT('',(-48.8,1.7,56.3));
#2146=CARTESIAN_POINT('',(-48.8,0.,56.3));
#2147=CARTESIAN_POINT('',(-42.4754446796632,1.7,56.3));
#2148=CARTESIAN_POINT('',(0.300000000000006,1.7,56.3));
#2149=CARTESIAN_POINT('',(-42.4754446796632,1.7,56.3));
#2150=CARTESIAN_POINT('Origin',(-45.8,1.7,49.9754446796632));
#2151=CARTESIAN_POINT('',(-47.0857142857143,1.7,52.685968388379));
#2152=CARTESIAN_POINT('',(-48.8,1.7,49.9754446796632));
#2153=CARTESIAN_POINT('Origin',(-45.8,1.7,49.9754446796632));
#2154=CARTESIAN_POINT('',(-48.8,1.7,49.9754446796632));
#2155=CARTESIAN_POINT('',(-47.0857142857143,1.7,52.685968388379));
#2156=CARTESIAN_POINT('Origin',(-48.8,0.,56.3));
#2157=CARTESIAN_POINT('',(-48.8,1.7,56.3));
#2158=CARTESIAN_POINT('Origin',(-48.8,-1.,4.69999999999999));
#2159=CARTESIAN_POINT('',(-48.8,0.,56.3));
#2160=CARTESIAN_POINT('',(-48.8,1.7,6.02455532033675));
#2161=CARTESIAN_POINT('',(-48.8,1.7,56.3));
#2162=CARTESIAN_POINT('',(-48.8,1.7,6.02455532033675));
#2163=CARTESIAN_POINT('Origin',(-42.4754446796632,1.7,53.3));
#2164=CARTESIAN_POINT('',(-45.185968388379,1.7,54.5857142857143));
#2165=CARTESIAN_POINT('Origin',(-42.4754446796632,1.7,53.3));
#2166=CARTESIAN_POINT('',(-45.185968388379,1.7,54.5857142857143));
#2167=CARTESIAN_POINT('Origin',(-48.8,1.7,56.3));
#2168=CARTESIAN_POINT('Origin',(-48.8,1.7,56.3));
#2169=CARTESIAN_POINT('Origin',(-42.4754446796632,1.7,2.69999999999999));
#2170=CARTESIAN_POINT('',(-45.185968388379,1.7,1.4142857142857));
#2171=CARTESIAN_POINT('Origin',(-42.4754446796632,1.7,2.69999999999999));
#2172=CARTESIAN_POINT('',(-45.185968388379,1.7,1.41428571428571));
#2173=CARTESIAN_POINT('Origin',(-45.8,1.7,6.02455532033675));
#2174=CARTESIAN_POINT('',(-47.0857142857143,1.7,3.31403161162099));
#2175=CARTESIAN_POINT('Origin',(-45.8,1.7,6.02455532033675));
#2176=CARTESIAN_POINT('',(-47.0857142857143,1.7,3.31403161162099));
#2177=CARTESIAN_POINT('Origin',(-48.8,1.7,-0.300000000000011));
#2178=CARTESIAN_POINT('Origin',(-48.8,1.7,-0.300000000000011));
#2179=CARTESIAN_POINT('Origin',(-43.9844242378641,-4.7,-2.30000000000291));
#2180=CARTESIAN_POINT('',(-42.5158554537522,-2.08402872218902,-2.10000000000291));
#2181=CARTESIAN_POINT('',(-41.0964597152499,-3.88780487804878,-2.10000000000291));
#2182=CARTESIAN_POINT('Origin',(-43.9844242378641,-4.7,-2.10000000000291));
#2183=CARTESIAN_POINT('',(-41.0964597152499,-3.88780487804878,-2.30000000000291));
#2184=CARTESIAN_POINT('',(-43.9844242294972,-1.7,-3.20065355309588));
#2185=CARTESIAN_POINT('',(-43.9844242378641,-1.7,-2.30000000000291));
#2186=CARTESIAN_POINT('',(-43.4929255843323,-1.74053567793487,-2.70000000001073));
#2187=CARTESIAN_POINT('Ctrl Pts',(-43.9844242279379,-1.7,-3.20065355635329));
#2188=CARTESIAN_POINT('Ctrl Pts',(-43.8852469956379,-1.70000000032815,-3.15319810084899));
#2189=CARTESIAN_POINT('Ctrl Pts',(-43.7941297411061,-1.70498405225993,-3.09005398747169));
#2190=CARTESIAN_POINT('Ctrl Pts',(-43.6216886925956,-1.72054079001846,-2.92434516649581));
#2191=CARTESIAN_POINT('Ctrl Pts',(-43.5460089518932,-1.73171975692959,-2.81784682967291));
#2192=CARTESIAN_POINT('Ctrl Pts',(-43.4929255843288,-1.74053567793546,-2.70000000000291));
#2193=CARTESIAN_POINT('Ctrl Pts',(-43.4929255843323,-1.74053567793487,-2.70000000001073));
#2194=CARTESIAN_POINT('Ctrl Pts',(-43.4461792141478,-1.74829917007495,-2.59622151387238));
#2195=CARTESIAN_POINT('Ctrl Pts',(-43.3818640880422,-1.76003134332556,-2.50192271833024));
#2196=CARTESIAN_POINT('Ctrl Pts',(-43.214366724371,-1.79907509137798,-2.32846023911056));
#2197=CARTESIAN_POINT('Ctrl Pts',(-43.1103670657202,-1.82767933216795,-2.25616118067931));
#2198=CARTESIAN_POINT('Ctrl Pts',(-42.8728360667137,-1.91039641719019,-2.14566001845141));
#2199=CARTESIAN_POINT('Ctrl Pts',(-42.7425039592755,-1.96529940721754,-2.11430045222515));
#2200=CARTESIAN_POINT('Ctrl Pts',(-42.5813200293813,-2.04808989362236,-2.10130313257349));
#2201=CARTESIAN_POINT('Ctrl Pts',(-42.5486694195962,-2.0656074320433,-2.10000000000291));
#2202=CARTESIAN_POINT('Ctrl Pts',(-42.5158554537522,-2.08402872218902,-2.10000000000291));
#2203=CARTESIAN_POINT('Origin',(-24.25,0.849999999999997,-2.30000000000291));
#2204=CARTESIAN_POINT('',(-7.40354028475012,-3.88780487804878,-2.10000000000291));
#2205=CARTESIAN_POINT('Origin',(-24.25,0.849999999999997,-2.10000000000291));
#2206=CARTESIAN_POINT('',(-7.40354028475012,-3.88780487804878,-2.30000000000291));
#2207=CARTESIAN_POINT('Origin',(-4.51557576213586,-4.7,-2.30000000000291));
#2208=CARTESIAN_POINT('',(-5.98414454624778,-2.08402872218902,-2.10000000000291));
#2209=CARTESIAN_POINT('Origin',(-4.51557576213586,-4.7,-2.10000000000291));
#2210=CARTESIAN_POINT('',(-5.00707441565707,-1.74053567793311,-2.70000000003423));
#2211=CARTESIAN_POINT('Ctrl Pts',(-5.98414454624778,-2.08402872218902,-2.10000000000291));
#2212=CARTESIAN_POINT('Ctrl Pts',(-5.95133058040376,-2.06560743204329,-2.10000000000291));
#2213=CARTESIAN_POINT('Ctrl Pts',(-5.91867997061868,-2.04808989362236,-2.10130313257349));
#2214=CARTESIAN_POINT('Ctrl Pts',(-5.75749604072458,-1.96529940721756,-2.11430045222515));
#2215=CARTESIAN_POINT('Ctrl Pts',(-5.62716393328628,-1.91039641719018,-2.14566001845141));
#2216=CARTESIAN_POINT('Ctrl Pts',(-5.38963293427977,-1.82767933216793,-2.25616118067933));
#2217=CARTESIAN_POINT('Ctrl Pts',(-5.28563327562904,-1.79907509137798,-2.32846023911058));
#2218=CARTESIAN_POINT('Ctrl Pts',(-5.11813591195178,-1.76003134332416,-2.50192271833649));
#2219=CARTESIAN_POINT('Ctrl Pts',(-5.05382078584223,-1.74829917007312,-2.59622151388693));
#2220=CARTESIAN_POINT('Ctrl Pts',(-5.00707441565681,-1.74053567793307,-2.7000000000348));
#2221=CARTESIAN_POINT('',(-4.51557576804564,-1.7,-3.20065355544735));
#2222=CARTESIAN_POINT('Ctrl Pts',(-5.00707441567118,-1.74053567793546,-2.70000000000291));
#2223=CARTESIAN_POINT('Ctrl Pts',(-4.98906374163706,-1.73754452106594,-2.73998429136438));
#2224=CARTESIAN_POINT('Ctrl Pts',(-4.96836928261404,-1.7342926404035,-2.77866226121403));
#2225=CARTESIAN_POINT('Ctrl Pts',(-4.94524856150644,-1.73096303443279,-2.81584901389483));
#2226=CARTESIAN_POINT('Ctrl Pts',(-4.93197615669526,-1.72905168062599,-2.83719599666825));
#2227=CARTESIAN_POINT('Ctrl Pts',(-4.91790324970388,-1.72711486332408,-2.85805132752606));
#2228=CARTESIAN_POINT('Ctrl Pts',(-4.90307161223544,-1.72518844015348,-2.87837694659273));
#2229=CARTESIAN_POINT('Ctrl Pts',(-4.8766393366465,-1.7217552556346,-2.91460034848139));
#2230=CARTESIAN_POINT('Ctrl Pts',(-4.8478581570796,-1.71836594452255,-2.94906350384771));
#2231=CARTESIAN_POINT('Ctrl Pts',(-4.81696514596737,-1.71523888014586,-2.98154768556837));
#2232=CARTESIAN_POINT('Ctrl Pts',(-4.80020834723564,-1.71354271695247,-2.99916755736009));
#2233=CARTESIAN_POINT('Ctrl Pts',(-4.78282946265298,-1.71192389223379,-3.01620471722561));
#2234=CARTESIAN_POINT('Ctrl Pts',(-4.76486165767651,-1.71041855260656,-3.03262005169806));
#2235=CARTESIAN_POINT('Ctrl Pts',(-4.73205539643302,-1.70767004965165,-3.06259175674539));
#2236=CARTESIAN_POINT('Ctrl Pts',(-4.69739360002966,-1.70531770765817,-3.09039725048213));
#2237=CARTESIAN_POINT('Ctrl Pts',(-4.66108160212698,-1.70354693325039,-3.11581221507001));
#2238=CARTESIAN_POINT('Ctrl Pts',(-4.65085811314304,-1.70304837922702,-3.1229676905464));
#2239=CARTESIAN_POINT('Ctrl Pts',(-4.64050361453568,-1.70259598921608,-3.12993343913623));
#2240=CARTESIAN_POINT('Ctrl Pts',(-4.63002225183826,-1.70219405001289,-3.13670386113671));
#2241=CARTESIAN_POINT('Ctrl Pts',(-4.59334681612361,-1.70078762073137,-3.16039430903052));
#2242=CARTESIAN_POINT('Ctrl Pts',(-4.55511924466709,-1.69999821065847,-3.18169666249421));
#2243=CARTESIAN_POINT('Ctrl Pts',(-4.51561859760386,-1.70000056051176,-3.200517652246));
#2244=CARTESIAN_POINT('',(-4.51557576213586,-1.7,-2.30000000000291));
#2245=CARTESIAN_POINT('Ctrl Pts',(-43.4983391528379,3.4,-2.70000000000291));
#2246=CARTESIAN_POINT('Ctrl Pts',(-43.7240395594656,1.69633020639094,-2.70000000000291));
#2247=CARTESIAN_POINT('Ctrl Pts',(-43.7222028734228,-0.0374262207718645,
-2.70000000000291));
#2248=CARTESIAN_POINT('Ctrl Pts',(-43.4929255843288,-1.74053567793546,-2.70000000000291));
#2249=CARTESIAN_POINT('Ctrl Pts',(-43.574955045574,3.41014999397744,-2.87708286573766));
#2250=CARTESIAN_POINT('Ctrl Pts',(-43.801547739146,1.69974488988753,-2.87708286573766));
#2251=CARTESIAN_POINT('Ctrl Pts',(-43.7997036458844,-0.0410044673086921,
-2.87708286573766));
#2252=CARTESIAN_POINT('Ctrl Pts',(-43.5695199289521,-1.75084701971169,-2.87708286573766));
#2253=CARTESIAN_POINT('Ctrl Pts',(-43.8327464817456,3.4443019359719,-3.18472128509674));
#2254=CARTESIAN_POINT('Ctrl Pts',(-44.0623706071207,1.71101446817,-3.18472128509674));
#2255=CARTESIAN_POINT('Ctrl Pts',(-44.0605020522727,-0.0528244626212582,
-3.18472128509675));
#2256=CARTESIAN_POINT('Ctrl Pts',(-43.8272388616422,-1.78554185273421,-3.18472128509675));
#2257=CARTESIAN_POINT('Ctrl Pts',(-44.2153761716519,3.49499232029616,-3.30000000000291));
#2258=CARTESIAN_POINT('Ctrl Pts',(-44.449483211338,1.72786616423879,-3.30000000000291));
#2259=CARTESIAN_POINT('Ctrl Pts',(-44.4475780873009,-0.0704930800250406,
-3.30000000000291));
#2260=CARTESIAN_POINT('Ctrl Pts',(-44.2097609374825,-1.8370380288598,-3.30000000000291));
#2261=CARTESIAN_POINT('Ctrl Pts',(-44.4069159034921,3.52036730523977,-3.30000000000291));
#2262=CARTESIAN_POINT('Ctrl Pts',(-44.6432700158991,1.73627941669929,-3.30000000000291));
#2263=CARTESIAN_POINT('Ctrl Pts',(-44.6413466330133,-0.0793152806908531,
-3.30000000000291));
#2264=CARTESIAN_POINT('Ctrl Pts',(-44.4012467990406,-1.86281638330038,-3.30000000000291));
#2265=CARTESIAN_POINT('Ctrl Pts',(-43.9844223922719,-1.70000606608822,-3.20045446848597));
#2266=CARTESIAN_POINT('Ctrl Pts',(-44.0047002398289,-1.7000069229852,-3.21012012668441));
#2267=CARTESIAN_POINT('Ctrl Pts',(-44.0253239847399,-1.7000082056778,-3.21912369979261));
#2268=CARTESIAN_POINT('Ctrl Pts',(-44.0462585459168,-1.70000931719974,-3.22745086413594));
#2269=CARTESIAN_POINT('Ctrl Pts',(-44.0878858392059,-1.70001152740367,-3.2440090001989));
#2270=CARTESIAN_POINT('Ctrl Pts',(-44.1304857060146,-1.70001464056264,-3.25779432423741));
#2271=CARTESIAN_POINT('Ctrl Pts',(-44.1737580118533,-1.70001582615886,-3.26875812044425));
#2272=CARTESIAN_POINT('Ctrl Pts',(-44.2168209171286,-1.70001700601782,-3.2796688613526));
#2273=CARTESIAN_POINT('Ctrl Pts',(-44.2605508729778,-1.70001641647648,-3.28778559371021));
#2274=CARTESIAN_POINT('Ctrl Pts',(-44.3046692907002,-1.70001531293514,-3.29301283293204));
#2275=CARTESIAN_POINT('Ctrl Pts',(-44.3437024222466,-1.7000143365929,-3.29763755717882));
#2276=CARTESIAN_POINT('Ctrl Pts',(-44.3830403512692,-1.70001307493413,-3.30000000000291));
#2277=CARTESIAN_POINT('Ctrl Pts',(-44.4224911600445,-1.70001376112338,-3.30000000000291));
#2278=CARTESIAN_POINT('',(-43.4983391528379,-1.7,-2.70000000000291));
#2279=CARTESIAN_POINT('Ctrl Pts',(-43.4983391528379,3.4,-2.70000000000291));
#2280=CARTESIAN_POINT('Ctrl Pts',(-43.7222492245118,1.70984431399404,-2.70000000000291));
#2281=CARTESIAN_POINT('Ctrl Pts',(-43.7222176947668,-0.00992258317863658,
-2.70000000000291));
#2282=CARTESIAN_POINT('Ctrl Pts',(-43.4983387752195,-1.70000093467214,-2.70000000000291));
#2283=CARTESIAN_POINT('Ctrl Pts',(-43.4983389034093,-1.69999996695799,-2.70000000000291));
#2284=CARTESIAN_POINT('Ctrl Pts',(-43.4965487754942,-1.71351377887359,-2.70000000000291));
#2285=CARTESIAN_POINT('Ctrl Pts',(-43.4947443357847,-1.72702569263794,-2.70000000000291));
#2286=CARTESIAN_POINT('Ctrl Pts',(-43.4929255843288,-1.74053567793546,-2.70000000000291));
#2287=CARTESIAN_POINT('Origin',(-24.25,0.849999999999996,-3.10000000000291));
#2288=CARTESIAN_POINT('Origin',(-24.25,0.849999999999996,-2.10000000000291));
#2289=CARTESIAN_POINT('Ctrl Pts',(-5.00707441567118,-1.74053567793546,-2.70000000000291));
#2290=CARTESIAN_POINT('Ctrl Pts',(-4.77779712657723,-0.0374262207718651,
-2.70000000000291));
#2291=CARTESIAN_POINT('Ctrl Pts',(-4.7759604405344,1.69633020639094,-2.70000000000291));
#2292=CARTESIAN_POINT('Ctrl Pts',(-5.00166084716208,3.4,-2.70000000000291));
#2293=CARTESIAN_POINT('Ctrl Pts',(-4.93048007104793,-1.75084701971169,-2.87708286573766));
#2294=CARTESIAN_POINT('Ctrl Pts',(-4.70029635411564,-0.0410044673086962,
-2.87708286573766));
#2295=CARTESIAN_POINT('Ctrl Pts',(-4.69845226085397,1.69974488988754,-2.87708286573766));
#2296=CARTESIAN_POINT('Ctrl Pts',(-4.92504495442598,3.41014999397744,-2.87708286573766));
#2297=CARTESIAN_POINT('Ctrl Pts',(-4.67285521727763,-1.78552918757074,-3.18486628940313));
#2298=CARTESIAN_POINT('Ctrl Pts',(-4.43959202664708,-0.0528117974577777,
-3.18486628940313));
#2299=CARTESIAN_POINT('Ctrl Pts',(-4.43772349826608,1.71100200118599,-3.18486628940313));
#2300=CARTESIAN_POINT('Ctrl Pts',(-4.66734762364124,3.4442894689879,-3.18486628940313));
#2301=CARTESIAN_POINT('Ctrl Pts',(-4.29023906251754,-1.8370380288598,-3.30000000000291));
#2302=CARTESIAN_POINT('Ctrl Pts',(-4.05242191269912,-0.0704930800250425,
-3.30000000000291));
#2303=CARTESIAN_POINT('Ctrl Pts',(-4.05051678866197,1.7278661642388,-3.30000000000291));
#2304=CARTESIAN_POINT('Ctrl Pts',(-4.28462382834815,3.49499232029616,-3.30000000000291));
#2305=CARTESIAN_POINT('Ctrl Pts',(-4.09875320095941,-1.86281638330038,-3.30000000000291));
#2306=CARTESIAN_POINT('Ctrl Pts',(-3.85865336698667,-0.0793152806908526,
-3.30000000000291));
#2307=CARTESIAN_POINT('Ctrl Pts',(-3.85672998410088,1.73627941669929,-3.30000000000291));
#2308=CARTESIAN_POINT('Ctrl Pts',(-4.0930840965079,3.52036730523977,-3.30000000000291));
#2309=CARTESIAN_POINT('',(-4.07750337004994,-1.7,-3.30000000000291));
#2310=CARTESIAN_POINT('Ctrl Pts',(-4.07750637662672,3.40000740205054,-3.30000000000291));
#2311=CARTESIAN_POINT('Ctrl Pts',(-3.86379884768551,1.70896898183138,-3.30000000000291));
#2312=CARTESIAN_POINT('Ctrl Pts',(-3.86382828363287,-0.00904915211854505,
-3.30000000000291));
#2313=CARTESIAN_POINT('Ctrl Pts',(-4.07750883995555,-1.70001376112338,-3.30000000000291));
#2314=CARTESIAN_POINT('Ctrl Pts',(-4.07750883995555,-1.70001376112339,-3.30000000000291));
#2315=CARTESIAN_POINT('Ctrl Pts',(-4.12188276824492,-1.70001298930365,-3.30000000000291));
#2316=CARTESIAN_POINT('Ctrl Pts',(-4.16611281821307,-1.70001438721973,-3.2970158307681));
#2317=CARTESIAN_POINT('Ctrl Pts',(-4.20992511254569,-1.70001495970551,-3.29118669014494));
#2318=CARTESIAN_POINT('Ctrl Pts',(-4.25427088664855,-1.70001553916216,-3.28528657107504));
#2319=CARTESIAN_POINT('Ctrl Pts',(-4.29818977134132,-1.70001513236928,-3.27647153348929));
#2320=CARTESIAN_POINT('Ctrl Pts',(-4.341395257405,-1.70001288382537,-3.26483295653251));
#2321=CARTESIAN_POINT('Ctrl Pts',(-4.38271936177802,-1.70001073319424,-3.25370118108606));
#2322=CARTESIAN_POINT('Ctrl Pts',(-4.42339168519623,-1.7000068052764,-3.23998582802635));
#2323=CARTESIAN_POINT('Ctrl Pts',(-4.46314525439466,-1.70000404917141,-3.22372547932351));
#2324=CARTESIAN_POINT('Ctrl Pts',(-4.48087372277961,-1.70000282006114,-3.21647402785088));
#2325=CARTESIAN_POINT('Ctrl Pts',(-4.49837203638589,-1.70000150893795,-3.20873516733765));
#2326=CARTESIAN_POINT('Ctrl Pts',(-4.51561859760305,-1.70000056051175,-3.20051765224639));
#2327=CARTESIAN_POINT('',(-5.00166084716208,-1.7,-2.70000000000291));
#2328=CARTESIAN_POINT('Ctrl Pts',(-5.00707441567118,-1.74053567793546,-2.70000000000291));
#2329=CARTESIAN_POINT('Ctrl Pts',(-5.00525566421532,-1.72702569263794,-2.70000000000291));
#2330=CARTESIAN_POINT('Ctrl Pts',(-5.00345122450578,-1.71351377887359,-2.70000000000291));
#2331=CARTESIAN_POINT('Ctrl Pts',(-5.00166109659074,-1.69999996695799,-2.70000000000291));
#2332=CARTESIAN_POINT('Ctrl Pts',(-5.00166122478051,-1.70000093467214,-2.70000000000291));
#2333=CARTESIAN_POINT('Ctrl Pts',(-4.77778230523318,-0.00992258317863846,
-2.70000000000291));
#2334=CARTESIAN_POINT('Ctrl Pts',(-4.7777507754882,1.70984431399405,-2.70000000000291));
#2335=CARTESIAN_POINT('Ctrl Pts',(-5.00166084716208,3.4,-2.70000000000291));
#2336=CARTESIAN_POINT('Origin',(3.3000000000029,0.,-3.30000000000291));
#2337=CARTESIAN_POINT('',(-51.8000000000029,-1.7,-3.30000000000291));
#2338=CARTESIAN_POINT('Ctrl Pts',(-10.433151613882,3.57749821361854,-2.70000000000291));
#2339=CARTESIAN_POINT('Ctrl Pts',(-9.97538979468256,1.25858719792969,-2.70000000000291));
#2340=CARTESIAN_POINT('Ctrl Pts',(-10.2507519690146,-3.61804217767355,-2.70000000000291));
#2341=CARTESIAN_POINT('Ctrl Pts',(-14.1575966419875,-9.83311910136355,-2.70000000000291));
#2342=CARTESIAN_POINT('Ctrl Pts',(-20.5857632503312,-13.3824761903342,-2.70000000000291));
#2343=CARTESIAN_POINT('Ctrl Pts',(-27.9175175844272,-13.3764611778711,-2.70000000000291));
#2344=CARTESIAN_POINT('Ctrl Pts',(-34.3419828155605,-9.83565238004022,-2.70000000000291));
#2345=CARTESIAN_POINT('Ctrl Pts',(-38.2467454885647,-3.61813914789879,-2.70000000000291));
#2346=CARTESIAN_POINT('Ctrl Pts',(-38.5246102053174,1.25858719792971,-2.70000000000291));
#2347=CARTESIAN_POINT('Ctrl Pts',(-38.066848386118,3.57749821361855,-2.70000000000291));
#2348=CARTESIAN_POINT('Ctrl Pts',(-10.5089737037526,3.56253064584217,-2.87708286573766));
#2349=CARTESIAN_POINT('Ctrl Pts',(-10.053706898157,1.25625876755522,-2.87708286573766));
#2350=CARTESIAN_POINT('Ctrl Pts',(-10.3274906268011,-3.59346944904596,-2.87708286573766));
#2351=CARTESIAN_POINT('Ctrl Pts',(-14.212977908018,-9.7745264747488,-2.87708286573766));
#2352=CARTESIAN_POINT('Ctrl Pts',(-20.6058469650829,-13.3044448557852,-2.87708286573766));
#2353=CARTESIAN_POINT('Ctrl Pts',(-27.8973970430077,-13.2983966899817,-2.87708286573766));
#2354=CARTESIAN_POINT('Ctrl Pts',(-34.2866516667657,-9.77708950191396,-2.87708286573766));
#2355=CARTESIAN_POINT('Ctrl Pts',(-38.1699629144506,-3.59356626219274,-2.87708286573766));
#2356=CARTESIAN_POINT('Ctrl Pts',(-38.446293101843,1.25625876755524,-2.87708286573766));
#2357=CARTESIAN_POINT('Ctrl Pts',(-37.9910262962474,3.56253064584219,-2.87708286573766));
#2358=CARTESIAN_POINT('Ctrl Pts',(-10.7640888387815,3.5121699517379,-3.1847296501308));
#2359=CARTESIAN_POINT('Ctrl Pts',(-10.3172985256819,1.24883794086446,-3.1847296501308));
#2360=CARTESIAN_POINT('Ctrl Pts',(-10.5860942825546,-3.5110479877285,-3.18472965013081));
#2361=CARTESIAN_POINT('Ctrl Pts',(-14.3993280321629,-9.57722602607638,-3.18472965013081));
#2362=CARTESIAN_POINT('Ctrl Pts',(-20.6735384842472,-13.0415531700057,-3.18472965013081));
#2363=CARTESIAN_POINT('Ctrl Pts',(-27.8296718674002,-13.0357106937969,-3.18472965013081));
#2364=CARTESIAN_POINT('Ctrl Pts',(-34.1002409278427,-9.57967984764247,-3.18472965013081));
#2365=CARTESIAN_POINT('Ctrl Pts',(-37.9114879191629,-3.51114247397872,-3.18472965013081));
#2366=CARTESIAN_POINT('Ctrl Pts',(-38.1827014743181,1.24883794086447,-3.1847296501308));
#2367=CARTESIAN_POINT('Ctrl Pts',(-37.7359111612185,3.51216995173791,-3.1847296501308));
#2368=CARTESIAN_POINT('Ctrl Pts',(-11.1427595469038,3.43741891944092,-3.30000000000291));
#2369=CARTESIAN_POINT('Ctrl Pts',(-10.7085043630715,1.23758685138034,-3.30000000000291));
#2370=CARTESIAN_POINT('Ctrl Pts',(-10.9697119008845,-3.38856175405967,-3.30000000000291));
#2371=CARTESIAN_POINT('Ctrl Pts',(-14.6759234863939,-9.28445982119644,-3.30000000000291));
#2372=CARTESIAN_POINT('Ctrl Pts',(-20.7739471795189,-12.6515357053136,-3.30000000000291));
#2373=CARTESIAN_POINT('Ctrl Pts',(-27.7291616527533,-12.645817293253,-3.30000000000291));
#2374=CARTESIAN_POINT('Ctrl Pts',(-33.8236864717626,-9.28687112319838,-3.30000000000291));
#2375=CARTESIAN_POINT('Ctrl Pts',(-37.5279033481073,-3.38865381391028,-3.30000000000291));
#2376=CARTESIAN_POINT('Ctrl Pts',(-37.7914956369285,1.23758685138036,-3.30000000000291));
#2377=CARTESIAN_POINT('Ctrl Pts',(-37.3572404530962,3.43741891944093,-3.30000000000291));
#2378=CARTESIAN_POINT('Ctrl Pts',(-11.3323147715804,3.4,-3.30000000000291));
#2379=CARTESIAN_POINT('Ctrl Pts',(-10.904342854631,1.23199744715449,-3.30000000000291));
#2380=CARTESIAN_POINT('Ctrl Pts',(-11.1617852027289,-3.32727406609442,-3.30000000000291));
#2381=CARTESIAN_POINT('Ctrl Pts',(-14.8143829812857,-9.13789057769372,-3.30000000000291));
#2382=CARTESIAN_POINT('Ctrl Pts',(-20.8242218766629,-12.4562650982282,-3.30000000000291));
#2383=CARTESIAN_POINT('Ctrl Pts',(-27.6788454502348,-12.4506415265228,-3.30000000000291));
#2384=CARTESIAN_POINT('Ctrl Pts',(-33.6852238440286,-9.14025899743944,-3.30000000000291));
#2385=CARTESIAN_POINT('Ctrl Pts',(-37.335875113549,-3.32736472575942,-3.30000000000291));
#2386=CARTESIAN_POINT('Ctrl Pts',(-37.595657145369,1.23199744715451,-3.30000000000291));
#2387=CARTESIAN_POINT('Ctrl Pts',(-37.1676852284196,3.40000000000002,-3.30000000000291));
#2388=CARTESIAN_POINT('Ctrl Pts',(-37.1676852284261,3.39999999996715,-3.30000000000291));
#2389=CARTESIAN_POINT('Ctrl Pts',(-37.217011535536,3.15012482007135,-3.30000000000291));
#2390=CARTESIAN_POINT('Ctrl Pts',(-37.2591018603858,2.89859384612063,-3.30000001361847));
#2391=CARTESIAN_POINT('Ctrl Pts',(-37.2938614682532,2.64602260001444,-3.29999993399601));
#2392=CARTESIAN_POINT('Ctrl Pts',(-37.3287535399165,2.39248884172678,-3.29999985407011));
#2393=CARTESIAN_POINT('Ctrl Pts',(-37.3562587558216,2.13790731773563,-3.29999965914339));
#2394=CARTESIAN_POINT('Ctrl Pts',(-37.3763288230954,1.88292337275637,-3.29999930405596));
#2395=CARTESIAN_POINT('Ctrl Pts',(-37.3964433092857,1.62737509929818,-3.29999894818265));
#2396=CARTESIAN_POINT('Ctrl Pts',(-37.4090895645305,1.37142311315515,-3.2999984298252));
#2397=CARTESIAN_POINT('Ctrl Pts',(-37.4142688274107,1.11573276886553,-3.29999793803291));
#2398=CARTESIAN_POINT('Ctrl Pts',(-37.4172322871718,0.969432404483596,-3.29999765664023));
#2399=CARTESIAN_POINT('Ctrl Pts',(-37.4177520726158,0.823217947554305,-3.29999738914208));
#2400=CARTESIAN_POINT('Ctrl Pts',(-37.4158359763467,0.677215374596983,-3.29999719290008));
#2401=CARTESIAN_POINT('Ctrl Pts',(-37.4124996082803,0.422991027988116,-3.29999685119722));
#2402=CARTESIAN_POINT('Ctrl Pts',(-37.401765292714,0.168107455251039,-3.29999671931685));
#2403=CARTESIAN_POINT('Ctrl Pts',(-37.3835891639807,-0.0867656676003098,
-3.29999676672669));
#2404=CARTESIAN_POINT('Ctrl Pts',(-37.3650750744522,-0.346377815164295,
-3.29999681501805));
#2405=CARTESIAN_POINT('Ctrl Pts',(-37.3388397504955,-0.60597857612094,-3.29999704116753));
#2406=CARTESIAN_POINT('Ctrl Pts',(-37.3048920350466,-0.864860351302628,
-3.29999733175839));
#2407=CARTESIAN_POINT('Ctrl Pts',(-37.2714910266011,-1.11957299528697,-3.29999761766946));
#2408=CARTESIAN_POINT('Ctrl Pts',(-37.2306242501426,-1.3735891221236,-3.29999796151763));
#2409=CARTESIAN_POINT('Ctrl Pts',(-37.1823517575425,-1.62624271563746,-3.2999982718331));
#2410=CARTESIAN_POINT('Ctrl Pts',(-37.1328940802276,-1.88509945220518,-3.29999858976743));
#2411=CARTESIAN_POINT('Ctrl Pts',(-37.0756624530398,-2.14252531520251,-3.29999887142871));
#2412=CARTESIAN_POINT('Ctrl Pts',(-37.0107758549028,-2.3978209720185,-3.29999907883609));
#2413=CARTESIAN_POINT('Ctrl Pts',(-36.9458892567658,-2.65311662883448,-3.29999928624347));
#2414=CARTESIAN_POINT('Ctrl Pts',(-36.8733478036502,-2.90628153287592,-3.2999994226323));
#2415=CARTESIAN_POINT('Ctrl Pts',(-36.7933239099017,-3.15664179808841,-3.29999949341204));
#2416=CARTESIAN_POINT('Ctrl Pts',(-36.7149285934741,-3.40190694694364,-3.29999956275134));
#2417=CARTESIAN_POINT('Ctrl Pts',(-36.6293530378385,-3.64448019721905,-3.29999957584236));
#2418=CARTESIAN_POINT('Ctrl Pts',(-36.5370196113991,-3.88381603866953,-3.2999995048458));
#2419=CARTESIAN_POINT('Ctrl Pts',(-36.4819662288078,-4.02651893788255,-3.29999946251443));
#2420=CARTESIAN_POINT('Ctrl Pts',(-36.4245111688469,-4.168071508001,-3.29999938937624));
#2421=CARTESIAN_POINT('Ctrl Pts',(-36.3647505061066,-4.30836402477971,-3.29999925573703));
#2422=CARTESIAN_POINT('Ctrl Pts',(-36.263472051059,-4.54612258873405,-3.29999902925407));
#2423=CARTESIAN_POINT('Ctrl Pts',(-36.1548135500516,-4.78155330475925,-3.2999988658214));
#2424=CARTESIAN_POINT('Ctrl Pts',(-36.0390334488183,-5.01402428447253,-3.29999880768841));
#2425=CARTESIAN_POINT('Ctrl Pts',(-35.9225000525522,-5.24800778000169,-3.29999874917719));
#2426=CARTESIAN_POINT('Ctrl Pts',(-35.7987523194704,-5.47899244038497,-3.29999879187463));
#2427=CARTESIAN_POINT('Ctrl Pts',(-35.6681035417755,-5.70635214900297,-3.29999889354169));
#2428=CARTESIAN_POINT('Ctrl Pts',(-35.5370445552376,-5.93442571782447,-3.29999899552796));
#2429=CARTESIAN_POINT('Ctrl Pts',(-35.3990414056366,-6.1588510807134,-3.29999915312998));
#2430=CARTESIAN_POINT('Ctrl Pts',(-35.25445630025,-6.37902133718665,-3.29999930763309));
#2431=CARTESIAN_POINT('Ctrl Pts',(-35.1101829564064,-6.59871685168231,-3.29999946180306));
#2432=CARTESIAN_POINT('Ctrl Pts',(-34.9593563441798,-6.81417517275849,-3.29999961111173));
#2433=CARTESIAN_POINT('Ctrl Pts',(-34.8023773155198,-7.02482481613927,-3.29999972248047));
#2434=CARTESIAN_POINT('Ctrl Pts',(-34.6461406683244,-7.23447826026904,-3.29999983332253));
#2435=CARTESIAN_POINT('Ctrl Pts',(-34.4838100052361,-7.43936802696533,-3.29999990675986));
#2436=CARTESIAN_POINT('Ctrl Pts',(-34.3158160531934,-7.63896782869972,-3.29999994701091));
#2437=CARTESIAN_POINT('Ctrl Pts',(-34.1495937020074,-7.83646272620718,-3.29999998683749));
#2438=CARTESIAN_POINT('Ctrl Pts',(-33.9778272368197,-8.02877834931363,-3.29999999615741));
#2439=CARTESIAN_POINT('Ctrl Pts',(-33.8009634837224,-8.21544621620989,-3.29999999883759));
#2440=CARTESIAN_POINT('Ctrl Pts',(-33.7023011711035,-8.31957769095868,-3.30000000033271));
#2441=CARTESIAN_POINT('Ctrl Pts',(-33.6020531356569,-8.42195240957587,-3.30000000000291));
#2442=CARTESIAN_POINT('Ctrl Pts',(-33.5003003913211,-8.52249522584764,-3.30000000000291));
#2443=CARTESIAN_POINT('Ctrl Pts',(-33.431887386733,-8.59009474068925,-3.30000000000291));
#2444=CARTESIAN_POINT('Ctrl Pts',(-33.3626547114184,-8.65700392003615,-3.30000000007552));
#2445=CARTESIAN_POINT('Ctrl Pts',(-33.2926175378423,-8.72318946138445,-3.29999999976131));
#2446=CARTESIAN_POINT('Ctrl Pts',(-33.1084890431774,-8.89719197283373,-3.29999999893524));
#2447=CARTESIAN_POINT('Ctrl Pts',(-32.9187968566735,-9.06619084528285,-3.299999995774));
#2448=CARTESIAN_POINT('Ctrl Pts',(-32.7239980626752,-9.22976680574792,-3.29999996823937));
#2449=CARTESIAN_POINT('Ctrl Pts',(-32.5276017683141,-9.39468421525813,-3.29999994047894));
#2450=CARTESIAN_POINT('Ctrl Pts',(-32.3260150818595,-9.554089084151,-3.29999988582746));
#2451=CARTESIAN_POINT('Ctrl Pts',(-32.1197495712126,-9.7075828351876,-3.29999979416252));
#2452=CARTESIAN_POINT('Ctrl Pts',(-31.9122484313962,-9.86199608728623,-3.29999970194846));
#2453=CARTESIAN_POINT('Ctrl Pts',(-31.7000126124557,-10.0104268684896,-3.29999957172972));
#2454=CARTESIAN_POINT('Ctrl Pts',(-31.4836012134924,-10.152505562253,-3.29999942607631));
#2455=CARTESIAN_POINT('Ctrl Pts',(-31.2664587817849,-10.2950641945865,-3.29999927993088));
#2456=CARTESIAN_POINT('Ctrl Pts',(-31.0451129280731,-10.4312274460617,-3.29999911940552));
#2457=CARTESIAN_POINT('Ctrl Pts',(-30.8201609127363,-10.560662949799,-3.29999899577592));
#2458=CARTESIAN_POINT('Ctrl Pts',(-30.5955473041278,-10.6899037371418,-3.29999887233229));
#2459=CARTESIAN_POINT('Ctrl Pts',(-30.367338828668,-10.8124367416376,-3.29999878855088));
#2460=CARTESIAN_POINT('Ctrl Pts',(-30.1361558170254,-10.9279761263054,-3.29999879349631));
#2461=CARTESIAN_POINT('Ctrl Pts',(-29.9064010084266,-11.0428017314455,-3.29999879841119));
#2462=CARTESIAN_POINT('Ctrl Pts',(-29.6737087651217,-11.150719657453,-3.29999889537275));
#2463=CARTESIAN_POINT('Ctrl Pts',(-29.4387065895781,-11.2514972558293,-3.29999907608711));
#2464=CARTESIAN_POINT('Ctrl Pts',(-29.3755818476586,-11.278567472835,-3.29999912462942));
#2465=CARTESIAN_POINT('Ctrl Pts',(-29.3122905195008,-11.3051227706769,-3.29999917867832));
#2466=CARTESIAN_POINT('Ctrl Pts',(-29.2488449312676,-11.3311592629139,-3.29999923666069));
#2467=CARTESIAN_POINT('Ctrl Pts',(-29.0131474701629,-11.4278836418222,-3.29999945206255));
#2468=CARTESIAN_POINT('Ctrl Pts',(-28.7740107292877,-11.5181489693067,-3.29999953743927));
#2469=CARTESIAN_POINT('Ctrl Pts',(-28.5319754241199,-11.601550152471,-3.29999957748817));
#2470=CARTESIAN_POINT('Ctrl Pts',(-28.2902674980025,-11.6848385264726,-3.2999996174829));
#2471=CARTESIAN_POINT('Ctrl Pts',(-28.0456692604609,-11.7612810113909,-3.29999960766443));
#2472=CARTESIAN_POINT('Ctrl Pts',(-27.7987498070233,-11.8305160404136,-3.29999956573116));
#2473=CARTESIAN_POINT('Ctrl Pts',(-27.7120159442416,-11.8548357990367,-3.29999955100152));
#2474=CARTESIAN_POINT('Ctrl Pts',(-27.6249959214775,-11.8782666559323,-3.29999953201738));
#2475=CARTESIAN_POINT('Ctrl Pts',(-27.5377151509967,-11.9007942752664,-3.29999950899396));
#2476=CARTESIAN_POINT('Ctrl Pts',(-27.2913936848005,-11.9643711226488,-3.29999944401789));
#2477=CARTESIAN_POINT('Ctrl Pts',(-27.0429941093128,-12.0207503955117,-3.29999934568317));
#2478=CARTESIAN_POINT('Ctrl Pts',(-26.7931482399672,-12.0698404364742,-3.2999992247794));
#2479=CARTESIAN_POINT('Ctrl Pts',(-26.5414357412561,-12.1192972351991,-3.29999910297235));
#2480=CARTESIAN_POINT('Ctrl Pts',(-26.2882557355079,-12.1613553634257,-3.29999895776886));
#2481=CARTESIAN_POINT('Ctrl Pts',(-26.034269217387,-12.1959717372919,-3.29999882232122));
#2482=CARTESIAN_POINT('Ctrl Pts',(-25.7799748055835,-12.2306300746563,-3.29999868670938));
#2483=CARTESIAN_POINT('Ctrl Pts',(-25.5248724361079,-12.2578285564695,-3.29999856214938));
#2484=CARTESIAN_POINT('Ctrl Pts',(-25.2696329198299,-12.2775756630774,-3.29999849815729));
#2485=CARTESIAN_POINT('Ctrl Pts',(-25.0150097278815,-12.2972750865427,-3.29999843431973));
#2486=CARTESIAN_POINT('Ctrl Pts',(-24.7602505618046,-12.3095590768293,-3.2999984337547));
#2487=CARTESIAN_POINT('Ctrl Pts',(-24.5060210837342,-12.3144878054655,-3.29999852974597));
#2488=CARTESIAN_POINT('Ctrl Pts',(-24.4206126179969,-12.316143613258,-3.29999856199426));
#2489=CARTESIAN_POINT('Ctrl Pts',(-24.3352638977581,-12.3169697196546,-3.29999860479171));
#2490=CARTESIAN_POINT('Ctrl Pts',(-24.2499999999992,-12.316969719787,-3.29999865789953));
#2491=CARTESIAN_POINT('Ctrl Pts',(-23.9968349300994,-12.3169697201801,-3.29999881558695));
#2492=CARTESIAN_POINT('Ctrl Pts',(-23.7429184514617,-12.3097384149749,-3.29999897131006));
#2493=CARTESIAN_POINT('Ctrl Pts',(-23.4889059552016,-12.2951753117874,-3.29999911052094));
#2494=CARTESIAN_POINT('Ctrl Pts',(-23.2343825944928,-12.2805829196012,-3.29999925001179));
#2495=CARTESIAN_POINT('Ctrl Pts',(-22.9797633348999,-12.2586291659512,-3.29999937290872));
#2496=CARTESIAN_POINT('Ctrl Pts',(-22.7257134491075,-12.2292647900284,-3.29999947355436));
#2497=CARTESIAN_POINT('Ctrl Pts',(-22.4722122251567,-12.1999638312275,-3.29999957398264));
#2498=CARTESIAN_POINT('Ctrl Pts',(-22.2192784283429,-12.1632842334751,-3.29999965245958));
#2499=CARTESIAN_POINT('Ctrl Pts',(-21.9675712970883,-12.1192288157665,-3.29999971086783));
#2500=CARTESIAN_POINT('Ctrl Pts',(-21.7176331000955,-12.0754830084271,-3.29999976886561));
#2501=CARTESIAN_POINT('Ctrl Pts',(-21.4689048729463,-12.024464752607,-3.29999980748192));
#2502=CARTESIAN_POINT('Ctrl Pts',(-21.2220229253463,-11.9662272829057,-3.29999983139213));
#2503=CARTESIAN_POINT('Ctrl Pts',(-21.1360778837762,-11.9459535374858,-3.29999983971581));
#2504=CARTESIAN_POINT('Ctrl Pts',(-21.0503564757045,-11.924805349074,-3.29999984625236));
#2505=CARTESIAN_POINT('Ctrl Pts',(-20.964885119307,-11.9027863902562,-3.2999998511169));
#2506=CARTESIAN_POINT('Ctrl Pts',(-20.7173126905574,-11.839007279419,-3.29999986520731));
#2507=CARTESIAN_POINT('Ctrl Pts',(-20.47183983029,-11.7679189284166,-3.29999986625584));
#2508=CARTESIAN_POINT('Ctrl Pts',(-20.2290484336855,-11.6898618887923,-3.29999985011032));
#2509=CARTESIAN_POINT('Ctrl Pts',(-19.9856666772,-11.6116150494253,-3.29999983392554));
#2510=CARTESIAN_POINT('Ctrl Pts',(-19.7449798866327,-11.5263658665114,-3.29999980139555));
#2511=CARTESIAN_POINT('Ctrl Pts',(-19.5075483182873,-11.4345027570813,-3.29999972770196));
#2512=CARTESIAN_POINT('Ctrl Pts',(-19.4215237949251,-11.4012195662304,-3.29999970100182));
#2513=CARTESIAN_POINT('Ctrl Pts',(-19.3359263082442,-11.3670685708753,-3.29999966863144));
#2514=CARTESIAN_POINT('Ctrl Pts',(-19.2507814956708,-11.3320695994786,-3.29999962834607));
#2515=CARTESIAN_POINT('Ctrl Pts',(-19.0127513934542,-11.2342267775,-3.29999951572462));
#2516=CARTESIAN_POINT('Ctrl Pts',(-18.7769049824491,-11.1290865558176,-3.29999943428158));
#2517=CARTESIAN_POINT('Ctrl Pts',(-18.5438812785236,-11.0168753308963,-3.29999940497295));
#2518=CARTESIAN_POINT('Ctrl Pts',(-18.3095752634437,-10.9040466164109,-3.29999937550303));
#2519=CARTESIAN_POINT('Ctrl Pts',(-18.0781235775542,-10.7840690672876,-3.29999939606908));
#2520=CARTESIAN_POINT('Ctrl Pts',(-17.8501598416752,-10.6572231324524,-3.29999944605147));
#2521=CARTESIAN_POINT('Ctrl Pts',(-17.6108973198927,-10.5240902105448,-3.29999949851118));
#2522=CARTESIAN_POINT('Ctrl Pts',(-17.3754778237842,-10.3833910668609,-3.29999958132401));
#2523=CARTESIAN_POINT('Ctrl Pts',(-17.1446066820829,-10.2355050011237,-3.29999966153824));
#2524=CARTESIAN_POINT('Ctrl Pts',(-16.9249235026072,-10.0947854599896,-3.29999973786532));
#2525=CARTESIAN_POINT('Ctrl Pts',(-16.7093587524606,-9.94755933943681,-3.29999981104026));
#2526=CARTESIAN_POINT('Ctrl Pts',(-16.4984896164202,-9.79419653108489,-3.29999986540353));
#2527=CARTESIAN_POINT('Ctrl Pts',(-16.2887389197905,-9.64164715144151,-3.29999991947846));
#2528=CARTESIAN_POINT('Ctrl Pts',(-16.0836345466989,-9.48302632363512,-3.29999995504949));
#2529=CARTESIAN_POINT('Ctrl Pts',(-15.883708862278,-9.31873511453444,-3.29999997450172));
#2530=CARTESIAN_POINT('Ctrl Pts',(-15.6858211672534,-9.15611864644081,-3.29999999375566));
#2531=CARTESIAN_POINT('Ctrl Pts',(-15.4930074331836,-8.98794714077727,-3.29999999818349));
#2532=CARTESIAN_POINT('Ctrl Pts',(-15.3057436893637,-8.81464107798661,-3.29999999945481));
#2533=CARTESIAN_POINT('Ctrl Pts',(-15.2727379506485,-8.78409541810855,-3.29999999967888));
#2534=CARTESIAN_POINT('Ctrl Pts',(-15.2399045138089,-8.75339032591939,-3.29999999980368));
#2535=CARTESIAN_POINT('Ctrl Pts',(-15.2072458428437,-8.72252819488546,-3.29999999987898));
#2536=CARTESIAN_POINT('Ctrl Pts',(-15.1373442027443,-8.6564718149876,-3.30000000004014));
#2537=CARTESIAN_POINT('Ctrl Pts',(-15.0682432519894,-8.58969598576942,-3.30000000000291));
#2538=CARTESIAN_POINT('Ctrl Pts',(-14.9999582780285,-8.52223313762612,-3.30000000000291));
#2539=CARTESIAN_POINT('Ctrl Pts',(-14.8176251494168,-8.34209523241035,-3.30000000000291));
#2540=CARTESIAN_POINT('Ctrl Pts',(-14.6401182193838,-8.15607239472886,-3.30000000118475));
#2541=CARTESIAN_POINT('Ctrl Pts',(-14.4678998932343,-7.96460890869374,-3.2999999950254));
#2542=CARTESIAN_POINT('Ctrl Pts',(-14.2942502513242,-7.77155415934036,-3.29999998881487));
#2543=CARTESIAN_POINT('Ctrl Pts',(-14.1259778299257,-7.5729682584568,-3.29999997374328));
#2544=CARTESIAN_POINT('Ctrl Pts',(-13.9635277188756,-7.36935138781443,-3.29999994081626));
#2545=CARTESIAN_POINT('Ctrl Pts',(-13.800123875055,-7.16453909735415,-3.29999990769592));
#2546=CARTESIAN_POINT('Ctrl Pts',(-13.6426112528017,-6.9546369547463,-3.29999985593439));
#2547=CARTESIAN_POINT('Ctrl Pts',(-13.4914084672412,-6.74019396397783,-3.29999979113566));
#2548=CARTESIAN_POINT('Ctrl Pts',(-13.3397984208922,-6.52517337656522,-3.29999972616239));
#2549=CARTESIAN_POINT('Ctrl Pts',(-13.1945325782076,-6.30558785897215,-3.29999964840692));
#2550=CARTESIAN_POINT('Ctrl Pts',(-13.0559934286935,-6.08202503857407,-3.29999958024112));
#2551=CARTESIAN_POINT('Ctrl Pts',(-12.9177656603801,-5.85896469895273,-3.29999951222853));
#2552=CARTESIAN_POINT('Ctrl Pts',(-12.786234667136,-5.63194536404157,-3.29999945499816));
#2553=CARTESIAN_POINT('Ctrl Pts',(-12.6617365045274,-5.40157818271447,-3.29999943566209));
#2554=CARTESIAN_POINT('Ctrl Pts',(-12.5382369275903,-5.17305875047576,-3.29999941648112));
#2555=CARTESIAN_POINT('Ctrl Pts',(-12.4216580315637,-4.94124542144871,-3.29999943663008));
#2556=CARTESIAN_POINT('Ctrl Pts',(-12.3122809626292,-4.70675501548261,-3.29999950290052));
#2557=CARTESIAN_POINT('Ctrl Pts',(-12.2507593990429,-4.57486067454281,-3.29999954017579));
#2558=CARTESIAN_POINT('Ctrl Pts',(-12.1915154478638,-4.44211970092467,-3.29999959154539));
#2559=CARTESIAN_POINT('Ctrl Pts',(-12.1345921562838,-4.30864388564834,-3.29999965114982));
#2560=CARTESIAN_POINT('Ctrl Pts',(-12.0343426708692,-4.0735752270144,-3.29999975612114));
#2561=CARTESIAN_POINT('Ctrl Pts',(-11.940607864673,-3.83494748031836,-3.29999978396613));
#2562=CARTESIAN_POINT('Ctrl Pts',(-11.8538280718312,-3.59329028826113,-3.29999978385784));
#2563=CARTESIAN_POINT('Ctrl Pts',(-11.8018720285778,-3.44860739479178,-3.299999783793));
#2564=CARTESIAN_POINT('Ctrl Pts',(-11.752408323241,-3.30283927048164,-3.2999997717359));
#2565=CARTESIAN_POINT('Ctrl Pts',(-11.7055244155761,-3.1561051056994,-3.29999974816195));
#2566=CARTESIAN_POINT('Ctrl Pts',(-11.6284017962226,-2.91473181366192,-3.29999970938351));
#2567=CARTESIAN_POINT('Ctrl Pts',(-11.5582625356913,-2.670743289705,-3.29999963844788));
#2568=CARTESIAN_POINT('Ctrl Pts',(-11.4952511979232,-2.42474953702938,-3.29999952971194));
#2569=CARTESIAN_POINT('Ctrl Pts',(-11.4302668178793,-2.17105310590241,-3.2999994175712));
#2570=CARTESIAN_POINT('Ctrl Pts',(-11.3728640852573,-1.91522430714461,-3.299999263467));
#2571=CARTESIAN_POINT('Ctrl Pts',(-11.3231489348075,-1.65795491548868,-3.29999908251542));
#2572=CARTESIAN_POINT('Ctrl Pts',(-11.2743226508152,-1.40528529132179,-3.2999989047991));
#2573=CARTESIAN_POINT('Ctrl Pts',(-11.2329114232489,-1.15122669331024,-3.29999870143429));
#2574=CARTESIAN_POINT('Ctrl Pts',(-11.19896431511,-0.896448398136234,-3.29999851789961));
#2575=CARTESIAN_POINT('Ctrl Pts',(-11.1640902130465,-0.634712870234416,
-3.29999832935315));
#2576=CARTESIAN_POINT('Ctrl Pts',(-11.1370937491533,-0.372218342009934,
-3.29999816374743));
#2577=CARTESIAN_POINT('Ctrl Pts',(-11.1179712813831,-0.10969703157881,-3.29999808720059));
#2578=CARTESIAN_POINT('Ctrl Pts',(-11.0988488136129,0.152824278852314,-3.29999801065375));
#2579=CARTESIAN_POINT('Ctrl Pts',(-11.0876003805231,0.415371779340777,-3.29999802734697));
#2580=CARTESIAN_POINT('Ctrl Pts',(-11.0841640204486,0.677215374552174,-3.29999817312234));
#2581=CARTESIAN_POINT('Ctrl Pts',(-11.0808061621394,0.93307729613194,-3.29999831556755));
#2582=CARTESIAN_POINT('Ctrl Pts',(-11.0849323693174,1.18958868867638,-3.29999865916271));
#2583=CARTESIAN_POINT('Ctrl Pts',(-11.0965728811002,1.44607422019543,-3.29999898146052));
#2584=CARTESIAN_POINT('Ctrl Pts',(-11.1082011662078,1.70229035073322,-3.2999993034198));
#2585=CARTESIAN_POINT('Ctrl Pts',(-11.1273278657703,1.95848016376386,-3.29999959287352));
#2586=CARTESIAN_POINT('Ctrl Pts',(-11.1539322926651,2.21398113618286,-3.29999976042183));
#2587=CARTESIAN_POINT('Ctrl Pts',(-11.1803941860386,2.46811325922134,-3.29999992707249));
#2588=CARTESIAN_POINT('Ctrl Pts',(-11.2142537357993,2.72156343805295,-3.29999997993003));
#2589=CARTESIAN_POINT('Ctrl Pts',(-11.2554423807975,2.97369758938832,-3.2999999937916));
#2590=CARTESIAN_POINT('Ctrl Pts',(-11.2787306989716,3.11625581967552,-3.30000000162902));
#2591=CARTESIAN_POINT('Ctrl Pts',(-11.3043611515443,3.25839370014675,-3.30000000000291));
#2592=CARTESIAN_POINT('Ctrl Pts',(-11.3323147715739,3.39999999996716,-3.30000000000291));
#2593=CARTESIAN_POINT('Ctrl Pts',(-10.3993166603936,3.39999590592881,-2.70000000000291));
#2594=CARTESIAN_POINT('Ctrl Pts',(-9.98278482198769,1.13443769204878,-2.70000000000291));
#2595=CARTESIAN_POINT('Ctrl Pts',(-10.2839373139567,-3.67083400555986,-2.70000000000291));
#2596=CARTESIAN_POINT('Ctrl Pts',(-14.1575966419875,-9.83311910136355,-2.70000000000291));
#2597=CARTESIAN_POINT('Ctrl Pts',(-20.5857632503312,-13.3824761903342,-2.70000000000291));
#2598=CARTESIAN_POINT('Ctrl Pts',(-27.9175175844272,-13.3764611778711,-2.70000000000291));
#2599=CARTESIAN_POINT('Ctrl Pts',(-34.3419828155605,-9.83565238004022,-2.70000000000291));
#2600=CARTESIAN_POINT('Ctrl Pts',(-38.2135777669394,-3.67095176811538,-2.70000000000291));
#2601=CARTESIAN_POINT('Ctrl Pts',(-38.5171520241158,1.13443474304113,-2.70000000000291));
#2602=CARTESIAN_POINT('Ctrl Pts',(-38.1006809994366,3.39999547634491,-2.70000000000291));
#2603=CARTESIAN_POINT('Origin',(-24.25,0.849999999999996,-3.10000000000291));
#2604=CARTESIAN_POINT('Origin',(-24.25,0.849999999999996,-2.10000000000291));
#2605=CARTESIAN_POINT('Origin',(-9.69999999999999,-1.,59.3000000000029));
#2606=CARTESIAN_POINT('Origin',(-9.69999999999999,-1.,59.3000000000029));
#2607=CARTESIAN_POINT('Origin',(-9.69999999999999,-1.,59.3000000000029));
#2608=CARTESIAN_POINT('Origin',(-9.69999999999999,-1.,59.3000000000029));
#2609=CARTESIAN_POINT('Origin',(-9.69999999999999,0.,59.3000000000029));
#2610=CARTESIAN_POINT('Origin',(-9.69999999999999,-1.7,59.3000000000029));
#2611=CARTESIAN_POINT('Origin',(-9.69999999999999,0.,59.3000000000029));
#2612=CARTESIAN_POINT('Origin',(0.299999999999999,-1.,-0.300000000000011));
#2613=CARTESIAN_POINT('Origin',(0.299999999999999,-1.,-0.300000000000011));
#2614=CARTESIAN_POINT('Origin',(0.299999999999999,0.,-0.300000000000011));
#2615=CARTESIAN_POINT('Origin',(0.299999999999999,-1.7,-0.300000000000011));
#2616=CARTESIAN_POINT('Origin',(0.299999999999999,0.,-0.300000000000011));
#2617=CARTESIAN_POINT('Origin',(-48.8,-1.,-0.300000000000011));
#2618=CARTESIAN_POINT('Ctrl Pts',(-51.8000000000029,-1.54074395550979E-32,
3.69999999999781));
#2619=CARTESIAN_POINT('Ctrl Pts',(-51.8000000000029,-1.34524499690302E-16,
3.52993838970239));
#2620=CARTESIAN_POINT('Ctrl Pts',(-51.8000000000029,-0.0345518122073257,
3.32881071348695));
#2621=CARTESIAN_POINT('Ctrl Pts',(-51.8000000000029,-0.142989618311883,
3.01397936084108));
#2622=CARTESIAN_POINT('Ctrl Pts',(-51.8000000000029,-0.234277299259927,
2.84109521804748));
#2623=CARTESIAN_POINT('Ctrl Pts',(-51.8000000000029,-0.421445551439665,
2.60650384040054));
#2624=CARTESIAN_POINT('Ctrl Pts',(-51.8000000000029,-0.54376211790007,2.49632240313561));
#2625=CARTESIAN_POINT('Ctrl Pts',(-51.8000000000029,-0.762473672731935,
2.38086987273207));
#2626=CARTESIAN_POINT('Ctrl Pts',(-51.8000000000029,-0.889873620429768,
2.34575131106129));
#2627=CARTESIAN_POINT('Ctrl Pts',(-51.8000000000029,-1.,2.34575131106129));
#2628=CARTESIAN_POINT('Origin',(-24.25,0.849999999999996,-3.10000000000291));
#2629=CARTESIAN_POINT('Origin',(-24.25,0.849999999999996,-2.10000000000291));
#2630=CARTESIAN_POINT('Origin',(-24.25,0.849999999999995,-2.10000000000291));
#2631=CARTESIAN_POINT('Origin',(-24.25,-1.7,0.199999999998539));
#2632=CARTESIAN_POINT('',(-51.8000000000029,-1.7,59.3000000000029));
#2633=CARTESIAN_POINT('Origin',(-30.9675144212722,-5.86751442127221,-2.30000000000291));
#2634=CARTESIAN_POINT('',(-32.5675144212722,-5.86751442127221,-3.30000000000291));
#2635=CARTESIAN_POINT('Origin',(-30.9675144212722,-5.86751442127221,-3.30000000000291));
#2636=CARTESIAN_POINT('',(-32.5675144212722,-5.86751442127221,-2.30000000000291));
#2637=CARTESIAN_POINT('Origin',(-18.5931457505076,-4.80685424949239,-2.30000000000291));
#2638=CARTESIAN_POINT('',(-20.1931457505076,-4.80685424949239,-3.30000000000291));
#2639=CARTESIAN_POINT('Origin',(-18.5931457505076,-4.80685424949239,-3.30000000000291));
#2640=CARTESIAN_POINT('',(-20.1931457505076,-4.80685424949239,-2.30000000000291));
#2641=CARTESIAN_POINT('Origin',(-24.25,-1.7,0.199999999998539));
#2642=CARTESIAN_POINT('Origin',(-24.25,0.849999999999997,-2.30000000000291));
#2643=CARTESIAN_POINT('',(-22.25,0.849999999999997,-4.30000000000291));
#2644=CARTESIAN_POINT('Origin',(-24.25,0.849999999999997,-4.30000000000291));
#2645=CARTESIAN_POINT('',(-22.25,0.849999999999997,-3.30000000000291));
#2646=CARTESIAN_POINT('',(-22.25,0.849999999999997,-2.30000000000291));
#2647=CARTESIAN_POINT('Origin',(-24.25,0.849999999999997,-3.30000000000291));
#2648=CARTESIAN_POINT('Origin',(-24.25,0.849999999999997,-4.30000000000291));
#2649=CARTESIAN_POINT('Origin',(3.3000000000029,0.,-3.30000000000291));
#2650=CARTESIAN_POINT('Origin',(-9.69999999999999,-1.7,57.3000000000029));
#2651=CARTESIAN_POINT('Origin',(-9.69999999999999,0.,57.3000000000029));
#2652=CARTESIAN_POINT('Origin',(-24.25,0.,0.199999999998539));
#2653=CARTESIAN_POINT('Origin',(-24.25,0.,0.199999999998539));
#2654=CARTESIAN_POINT('Origin',(-24.25,1.7,28.));
#2655=CARTESIAN_POINT('Origin',(-24.25,1.7,28.));
#2656=CARTESIAN_POINT('Origin',(-24.25,1.7,28.));
#2657=CARTESIAN_POINT('Origin',(-24.25,1.7,28.));
#2658=CARTESIAN_POINT('Origin',(-51.8000000000029,0.,-3.30000000000291));
#2659=UNCERTAINTY_MEASURE_WITH_UNIT(LENGTH_MEASURE(0.01),#2663,
'DISTANCE_ACCURACY_VALUE',
'Maximum model space distance between geometric entities at asserted c
onnectivities');
#2660=UNCERTAINTY_MEASURE_WITH_UNIT(LENGTH_MEASURE(0.01),#2663,
'DISTANCE_ACCURACY_VALUE',
'Maximum model space distance between geometric entities at asserted c
onnectivities');
#2661=(
GEOMETRIC_REPRESENTATION_CONTEXT(3)
GLOBAL_UNCERTAINTY_ASSIGNED_CONTEXT((#2659))
GLOBAL_UNIT_ASSIGNED_CONTEXT((#2663,#2665,#2666))
REPRESENTATION_CONTEXT('','3D')
);
#2662=(
GEOMETRIC_REPRESENTATION_CONTEXT(3)
GLOBAL_UNCERTAINTY_ASSIGNED_CONTEXT((#2660))
GLOBAL_UNIT_ASSIGNED_CONTEXT((#2663,#2665,#2666))
REPRESENTATION_CONTEXT('','3D')
);
#2663=(
LENGTH_UNIT()
NAMED_UNIT(*)
SI_UNIT(.MILLI.,.METRE.)
);
#2664=(
LENGTH_UNIT()
NAMED_UNIT(*)
SI_UNIT(.CENTI.,.METRE.)
);
#2665=(
NAMED_UNIT(*)
PLANE_ANGLE_UNIT()
SI_UNIT($,.RADIAN.)
);
#2666=(
NAMED_UNIT(*)
SI_UNIT($,.STERADIAN.)
SOLID_ANGLE_UNIT()
);
#2667=SHAPE_DEFINITION_REPRESENTATION(#2668,#2669);
#2668=PRODUCT_DEFINITION_SHAPE('',$,#2671);
#2669=SHAPE_REPRESENTATION('',(#1232),#2661);
#2670=PRODUCT_DEFINITION_CONTEXT('part definition',#2675,'design');
#2671=PRODUCT_DEFINITION('Frame','Frame',#2672,#2670);
#2672=PRODUCT_DEFINITION_FORMATION('',$,#2677);
#2673=PRODUCT_RELATED_PRODUCT_CATEGORY('Frame','Frame',(#2677));
#2674=APPLICATION_PROTOCOL_DEFINITION('international standard',
'automotive_design',2009,#2675);
#2675=APPLICATION_CONTEXT(
'Core Data for Automotive Mechanical Design Process');
#2676=PRODUCT_CONTEXT('part definition',#2675,'mechanical');
#2677=PRODUCT('Frame','Frame',$,(#2676));
#2678=PRESENTATION_STYLE_ASSIGNMENT((#2679));
#2679=SURFACE_STYLE_USAGE(.BOTH.,#2682);
#2680=SURFACE_STYLE_RENDERING_WITH_PROPERTIES($,#2686,(#2681));
#2681=SURFACE_STYLE_TRANSPARENT(0.);
#2682=SURFACE_SIDE_STYLE('',(#2683,#2680));
#2683=SURFACE_STYLE_FILL_AREA(#2684);
#2684=FILL_AREA_STYLE('',(#2685));
#2685=FILL_AREA_STYLE_COLOUR('',#2686);
#2686=COLOUR_RGB('',0.749019607843137,0.749019607843137,0.749019607843137);
ENDSEC;
END-ISO-10303-21;
